series,timestamp,value,label
s1,2023-01-22T13:57:01Z,874,
s1,2023-01-22T13:57:02Z,882,
s1,2023-01-22T13:57:03Z,889,
s1,2023-01-22T13:57:04Z,896,
s1,2023-01-22T13:57:05Z,902,
s1,2023-01-22T13:57:06Z,908,
s1,2023-01-22T13:57:07Z,912,
s1,2023-01-22T13:57:08Z,917,
s1,2023-01-22T13:57:09Z,921,
s1,2023-01-22T13:57:10Z,925,
s1,2023-01-22T13:57:11Z,928,
s1,2023-01-22T13:57:12Z,931,
s1,2023-01-22T13:57:13Z,934,
s1,2023-01-22T13:57:14Z,936,
s1,2023-01-22T13:57:15Z,938,
s1,2023-01-22T13:57:16Z,940,
s1,2023-01-22T13:57:17Z,942,
s1,2023-01-22T13:57:18Z,944,
s1,2023-01-22T13:57:19Z,946,
s1,2023-01-22T13:57:20Z,947,
s1,2023-01-22T13:57:21Z,949,
s1,2023-01-22T13:57:22Z,950,
s1,2023-01-22T13:57:23Z,951,
s1,2023-01-22T13:57:24Z,953,
s1,2023-01-22T13:57:25Z,953,
s1,2023-01-22T13:57:26Z,953,
s1,2023-01-22T13:57:27Z,953,
s1,2023-01-22T13:57:28Z,954,
s1,2023-01-22T13:57:29Z,954,
s1,2023-01-22T13:57:30Z,954,
s1,2023-01-22T13:57:31Z,955,
s1,2023-01-22T13:57:32Z,956,
s1,2023-01-22T13:57:33Z,956,
s1,2023-01-22T13:57:34Z,956,
s1,2023-01-22T13:57:35Z,956,
s1,2023-01-22T13:57:36Z,956,
s1,2023-01-22T13:57:37Z,956,
s1,2023-01-22T13:57:38Z,956,
s1,2023-01-22T13:57:39Z,957,
s1,2023-01-22T13:57:40Z,957,
s1,2023-01-22T13:57:41Z,957,
s1,2023-01-22T13:57:42Z,957,
s1,2023-01-22T13:57:43Z,957,
s1,2023-01-22T13:57:44Z,958,
s1,2023-01-22T13:57:45Z,957,
s1,2023-01-22T13:57:46Z,958,
s1,2023-01-22T13:57:47Z,957,
s1,2023-01-22T13:57:48Z,957,
s1,2023-01-22T13:57:49Z,957,
s1,2023-01-22T13:57:50Z,957,
s1,2023-01-22T13:57:51Z,957,
s1,2023-01-22T13:57:52Z,957,
s1,2023-01-22T13:57:53Z,957,
s1,2023-01-22T13:57:54Z,957,
s1,2023-01-22T13:57:55Z,957,
s1,2023-01-22T13:57:56Z,957,
s1,2023-01-22T13:57:57Z,956,
s1,2023-01-22T13:57:58Z,956,
s1,2023-01-22T13:57:59Z,956,
s1,2023-01-22T13:58:00Z,956,
s1,2023-01-22T13:58:01Z,956,
s1,2023-01-22T13:58:02Z,956,
s1,2023-01-22T13:58:03Z,956,
s1,2023-01-22T13:58:04Z,957,
s1,2023-01-22T13:58:05Z,957,
s1,2023-01-22T13:58:06Z,958,
s1,2023-01-22T13:58:07Z,958,
s1,2023-01-22T13:58:08Z,958,
s1,2023-01-22T13:58:09Z,958,
s1,2023-01-22T13:58:10Z,958,
s1,2023-01-22T13:58:11Z,959,
s1,2023-01-22T13:58:12Z,959,
s1,2023-01-22T13:58:13Z,959,
s1,2023-01-22T13:58:14Z,959,
s1,2023-01-22T13:58:15Z,960,
s1,2023-01-22T13:58:16Z,960,
s1,2023-01-22T13:58:17Z,960,
s1,2023-01-22T13:58:18Z,960,
s1,2023-01-22T13:58:19Z,959,
s1,2023-01-22T13:58:20Z,959,
s1,2023-01-22T13:58:21Z,959,
s1,2023-01-22T13:58:22Z,959,
s1,2023-01-22T13:58:23Z,958,
s1,2023-01-22T13:58:24Z,958,
s1,2023-01-22T13:58:25Z,958,
s1,2023-01-22T13:58:26Z,959,
s1,2023-01-22T13:58:27Z,959,
s1,2023-01-22T13:58:28Z,959,
s1,2023-01-22T13:58:29Z,959,
s1,2023-01-22T13:58:30Z,959,
s1,2023-01-22T13:58:31Z,959,
s1,2023-01-22T13:58:32Z,959,
s1,2023-01-22T13:58:33Z,959,
s1,2023-01-22T13:58:34Z,960,
s1,2023-01-22T13:58:35Z,962,
s1,2023-01-22T13:58:36Z,964,
s1,2023-01-22T13:58:37Z,966,
s1,2023-01-22T13:58:38Z,967,
s1,2023-01-22T13:58:39Z,968,
s1,2023-01-22T13:58:40Z,969,
s1,2023-01-22T13:58:41Z,971,
s1,2023-01-22T13:58:42Z,972,
s1,2023-01-22T13:58:43Z,974,
s1,2023-01-22T13:58:44Z,975,
s1,2023-01-22T13:58:45Z,976,
s1,2023-01-22T13:58:46Z,977,
s1,2023-01-22T13:58:47Z,978,
s1,2023-01-22T13:58:48Z,979,
s1,2023-01-22T13:58:49Z,980,
s1,2023-01-22T13:58:50Z,981,
s1,2023-01-22T13:58:51Z,981,
s1,2023-01-22T13:58:52Z,982,
s1,2023-01-22T13:58:53Z,982,
s1,2023-01-22T13:58:54Z,983,
s1,2023-01-22T13:58:55Z,983,
s1,2023-01-22T13:58:56Z,983,
s1,2023-01-22T13:58:57Z,983,
s1,2023-01-22T13:58:58Z,983,
s1,2023-01-22T13:58:59Z,983,
s1,2023-01-22T13:59:00Z,983,
s1,2023-01-22T13:59:01Z,983,
s1,2023-01-22T13:59:02Z,983,
s1,2023-01-22T13:59:03Z,983,
s1,2023-01-22T13:59:04Z,983,
s1,2023-01-22T13:59:05Z,983,
s1,2023-01-22T13:59:06Z,983,
s1,2023-01-22T13:59:07Z,983,
s1,2023-01-22T13:59:08Z,983,
s1,2023-01-22T13:59:09Z,983,
s1,2023-01-22T13:59:10Z,983,
s1,2023-01-22T13:59:11Z,983,
s1,2023-01-22T13:59:12Z,983,
s1,2023-01-22T13:59:13Z,983,
s1,2023-01-22T13:59:14Z,984,
s1,2023-01-22T13:59:15Z,984,
s1,2023-01-22T13:59:16Z,984,
s1,2023-01-22T13:59:17Z,984,
s1,2023-01-22T13:59:18Z,984,
s1,2023-01-22T13:59:19Z,984,
s1,2023-01-22T13:59:20Z,984,
s1,2023-01-22T13:59:21Z,984,
s1,2023-01-22T13:59:22Z,984,
s1,2023-01-22T13:59:23Z,984,
s1,2023-01-22T13:59:24Z,984,
s1,2023-01-22T13:59:25Z,984,
s1,2023-01-22T13:59:26Z,984,
s1,2023-01-22T13:59:27Z,984,
s1,2023-01-22T13:59:28Z,984,
s1,2023-01-22T13:59:29Z,984,
s1,2023-01-22T13:59:30Z,984,
s1,2023-01-22T13:59:31Z,984,
s1,2023-01-22T13:59:32Z,984,
s1,2023-01-22T13:59:33Z,984,
s1,2023-01-22T13:59:34Z,984,
s1,2023-01-22T13:59:35Z,984,
s1,2023-01-22T13:59:36Z,984,
s1,2023-01-22T13:59:37Z,984,
s1,2023-01-22T13:59:38Z,984,
s1,2023-01-22T13:59:39Z,984,
s1,2023-01-22T13:59:40Z,984,
s1,2023-01-22T13:59:41Z,984,
s1,2023-01-22T13:59:42Z,984,
s1,2023-01-22T13:59:43Z,984,
s1,2023-01-22T13:59:44Z,984,
s1,2023-01-22T13:59:45Z,984,
s1,2023-01-22T13:59:46Z,984,
s1,2023-01-22T13:59:47Z,984,
s1,2023-01-22T13:59:48Z,984,
s1,2023-01-22T13:59:49Z,984,
s1,2023-01-22T13:59:50Z,984,
s1,2023-01-22T13:59:51Z,984,
s1,2023-01-22T13:59:52Z,984,
s1,2023-01-22T13:59:53Z,984,
s1,2023-01-22T13:59:54Z,984,
s1,2023-01-22T13:59:55Z,984,
s1,2023-01-22T13:59:56Z,984,
s1,2023-01-22T13:59:57Z,984,
s1,2023-01-22T13:59:58Z,984,
s1,2023-01-22T13:59:59Z,984,
s1,2023-01-22T14:00:00Z,984,
s1,2023-01-22T14:00:01Z,984,
s1,2023-01-22T14:00:02Z,984,
s1,2023-01-22T14:00:03Z,984,
s1,2023-01-22T14:00:04Z,984,
s1,2023-01-22T14:00:05Z,984,
s1,2023-01-22T14:00:06Z,984,
s1,2023-01-22T14:00:07Z,985,
s1,2023-01-22T14:00:08Z,985,
s1,2023-01-22T14:00:09Z,984,
s1,2023-01-22T14:00:10Z,983,
s1,2023-01-22T14:00:11Z,981,
s1,2023-01-22T14:00:12Z,979,
s1,2023-01-22T14:00:13Z,976,
s1,2023-01-22T14:00:14Z,972,
s1,2023-01-22T14:00:15Z,968,
s1,2023-01-22T14:00:16Z,966,
s1,2023-01-22T14:00:17Z,963,
s1,2023-01-22T14:00:18Z,960,
s1,2023-01-22T14:00:19Z,958,
s1,2023-01-22T14:00:20Z,956,
s1,2023-01-22T14:00:21Z,954,
s1,2023-01-22T14:00:22Z,952,
s1,2023-01-22T14:00:23Z,950,
s1,2023-01-22T14:00:24Z,948,
s1,2023-01-22T14:00:25Z,947,
s1,2023-01-22T14:00:26Z,946,
s1,2023-01-22T14:00:27Z,945,
s1,2023-01-22T14:00:28Z,944,
s1,2023-01-22T14:00:29Z,943,
s1,2023-01-22T14:00:30Z,942,
s1,2023-01-22T14:00:31Z,941,
s1,2023-01-22T14:00:32Z,941,
s1,2023-01-22T14:00:33Z,941,
s1,2023-01-22T14:00:34Z,941,
s1,2023-01-22T14:00:35Z,941,
s1,2023-01-22T14:00:36Z,941,
s1,2023-01-22T14:00:37Z,941,
s1,2023-01-22T14:00:38Z,940,
s1,2023-01-22T14:00:39Z,940,
s1,2023-01-22T14:00:40Z,940,
s1,2023-01-22T14:00:41Z,940,
s1,2023-01-22T14:00:42Z,939,
s1,2023-01-22T14:00:43Z,939,
s1,2023-01-22T14:00:44Z,939,
s1,2023-01-22T14:00:45Z,939,
s1,2023-01-22T14:00:46Z,939,
s1,2023-01-22T14:00:47Z,939,
s1,2023-01-22T14:00:48Z,939,
s1,2023-01-22T14:00:49Z,939,
s1,2023-01-22T14:00:50Z,939,
s1,2023-01-22T14:00:51Z,939,
s1,2023-01-22T14:00:52Z,939,
s1,2023-01-22T14:00:53Z,939,
s1,2023-01-22T14:00:54Z,939,
s1,2023-01-22T14:00:55Z,939,
s1,2023-01-22T14:00:56Z,939,
s1,2023-01-22T14:00:57Z,938,
s1,2023-01-22T14:00:58Z,938,
s1,2023-01-22T14:00:59Z,938,
s1,2023-01-22T14:01:00Z,938,
s1,2023-01-22T14:01:01Z,938,
s1,2023-01-22T14:01:02Z,938,
s1,2023-01-22T14:01:03Z,938,
s1,2023-01-22T14:01:04Z,939,
s1,2023-01-22T14:01:05Z,938,
s1,2023-01-22T14:01:06Z,938,
s1,2023-01-22T14:01:07Z,938,
s1,2023-01-22T14:01:08Z,938,
s1,2023-01-22T14:01:09Z,938,
s1,2023-01-22T14:01:10Z,938,
s1,2023-01-22T14:01:11Z,938,
s1,2023-01-22T14:01:12Z,938,
s1,2023-01-22T14:01:13Z,938,
s1,2023-01-22T14:01:14Z,938,
s1,2023-01-22T14:01:15Z,938,
s1,2023-01-22T14:01:16Z,937,
s1,2023-01-22T14:01:17Z,937,
s1,2023-01-22T14:01:18Z,938,
s1,2023-01-22T14:01:19Z,938,
s1,2023-01-22T14:01:20Z,938,
s1,2023-01-22T14:01:21Z,938,
s1,2023-01-22T14:01:22Z,937,
s1,2023-01-22T14:01:23Z,937,
s1,2023-01-22T14:01:24Z,937,
s1,2023-01-22T14:01:25Z,936,
s1,2023-01-22T14:01:26Z,936,
s1,2023-01-22T14:01:27Z,936,
s1,2023-01-22T14:01:28Z,936,
s1,2023-01-22T14:01:29Z,936,
s1,2023-01-22T14:01:30Z,936,
s1,2023-01-22T14:01:31Z,936,
s1,2023-01-22T14:01:32Z,936,
s1,2023-01-22T14:01:33Z,936,
s1,2023-01-22T14:01:34Z,936,
s1,2023-01-22T14:01:35Z,936,
s1,2023-01-22T14:01:36Z,936,
s1,2023-01-22T14:01:37Z,936,
s1,2023-01-22T14:01:38Z,936,
s1,2023-01-22T14:01:39Z,936,
s1,2023-01-22T14:01:40Z,936,
s1,2023-01-22T14:01:41Z,936,
s1,2023-01-22T14:01:42Z,936,
s1,2023-01-22T14:01:43Z,936,
s1,2023-01-22T14:01:44Z,936,
s1,2023-01-22T14:01:45Z,936,
s1,2023-01-22T14:01:46Z,936,
s1,2023-01-22T14:01:47Z,936,
s1,2023-01-22T14:01:48Z,936,
s1,2023-01-22T14:01:49Z,936,
s1,2023-01-22T14:01:50Z,937,
s1,2023-01-22T14:01:51Z,938,
s1,2023-01-22T14:01:52Z,939,
s1,2023-01-22T14:01:53Z,941,
s1,2023-01-22T14:01:54Z,944,
s1,2023-01-22T14:01:55Z,947,
s1,2023-01-22T14:01:56Z,949,
s1,2023-01-22T14:01:57Z,952,
s1,2023-01-22T14:01:58Z,954,
s1,2023-01-22T14:01:59Z,956,
s1,2023-01-22T14:02:00Z,958,
s1,2023-01-22T14:02:01Z,960,
s1,2023-01-22T14:02:02Z,961,
s1,2023-01-22T14:02:03Z,962,
s1,2023-01-22T14:02:04Z,963,
s1,2023-01-22T14:02:05Z,964,
s1,2023-01-22T14:02:06Z,966,
s1,2023-01-22T14:02:07Z,966,
s1,2023-01-22T14:02:08Z,967,
s1,2023-01-22T14:02:09Z,967,
s1,2023-01-22T14:02:10Z,968,
s1,2023-01-22T14:02:11Z,969,
s1,2023-01-22T14:02:12Z,969,
s1,2023-01-22T14:02:13Z,970,
s1,2023-01-22T14:02:14Z,970,
s1,2023-01-22T14:02:15Z,970,
s1,2023-01-22T14:02:16Z,971,
s1,2023-01-22T14:02:17Z,971,
s1,2023-01-22T14:02:18Z,972,
s1,2023-01-22T14:02:19Z,973,
s1,2023-01-22T14:02:20Z,973,
s1,2023-01-22T14:02:21Z,973,
s1,2023-01-22T14:02:22Z,973,
s1,2023-01-22T14:02:23Z,973,
s1,2023-01-22T14:02:24Z,973,
s1,2023-01-22T14:02:25Z,974,
s1,2023-01-22T14:02:26Z,974,
s1,2023-01-22T14:02:27Z,974,
s1,2023-01-22T14:02:28Z,974,
s1,2023-01-22T14:02:29Z,975,
s1,2023-01-22T14:02:30Z,976,
s1,2023-01-22T14:02:31Z,976,
s1,2023-01-22T14:02:32Z,977,
s1,2023-01-22T14:02:33Z,976,
s1,2023-01-22T14:02:34Z,976,
s1,2023-01-22T14:02:35Z,976,
s1,2023-01-22T14:02:36Z,977,
s1,2023-01-22T14:02:37Z,977,
s1,2023-01-22T14:02:38Z,977,
s1,2023-01-22T14:02:39Z,977,
s1,2023-01-22T14:02:40Z,977,
s1,2023-01-22T14:02:41Z,977,
s1,2023-01-22T14:02:42Z,977,
s1,2023-01-22T14:02:43Z,977,
s1,2023-01-22T14:02:44Z,977,
s1,2023-01-22T14:02:45Z,977,
s1,2023-01-22T14:02:46Z,977,
s1,2023-01-22T14:02:47Z,977,
s1,2023-01-22T14:02:48Z,977,
s1,2023-01-22T14:02:49Z,977,
s1,2023-01-22T14:02:50Z,977,
s1,2023-01-22T14:02:51Z,977,
s1,2023-01-22T14:02:52Z,977,
s1,2023-01-22T14:02:53Z,977,
s1,2023-01-22T14:02:54Z,977,
s1,2023-01-22T14:02:55Z,977,
s1,2023-01-22T14:02:56Z,977,
s1,2023-01-22T14:02:57Z,978,
s1,2023-01-22T14:02:58Z,978,
s1,2023-01-22T14:02:59Z,979,
s1,2023-01-22T14:03:00Z,979,
s1,2023-01-22T14:03:01Z,979,
s1,2023-01-22T14:03:02Z,979,
s1,2023-01-22T14:03:03Z,979,
s1,2023-01-22T14:03:04Z,979,
s1,2023-01-22T14:03:05Z,979,
s1,2023-01-22T14:03:06Z,979,
s1,2023-01-22T14:03:07Z,979,
s1,2023-01-22T14:03:08Z,979,
s1,2023-01-22T14:03:09Z,979,
s1,2023-01-22T14:03:10Z,979,
s1,2023-01-22T14:03:11Z,979,
s1,2023-01-22T14:03:12Z,979,
s1,2023-01-22T14:03:13Z,979,
s1,2023-01-22T14:03:14Z,979,
s1,2023-01-22T14:03:15Z,979,
s1,2023-01-22T14:03:16Z,980,
s1,2023-01-22T14:03:17Z,981,
s1,2023-01-22T14:03:18Z,981,
s1,2023-01-22T14:03:19Z,981,
s1,2023-01-22T14:03:20Z,981,
s1,2023-01-22T14:03:21Z,981,
s1,2023-01-22T14:03:22Z,982,
s1,2023-01-22T14:03:23Z,980,
s1,2023-01-22T14:03:24Z,978,
s1,2023-01-22T14:03:25Z,975,
s1,2023-01-22T14:03:26Z,972,
s1,2023-01-22T14:03:27Z,970,
s1,2023-01-22T14:03:28Z,969,
s1,2023-01-22T14:03:29Z,968,
s1,2023-01-22T14:03:30Z,967,
s1,2023-01-22T14:03:31Z,966,
s1,2023-01-22T14:03:32Z,965,
s1,2023-01-22T14:03:33Z,964,
s1,2023-01-22T14:03:34Z,962,
s1,2023-01-22T14:03:35Z,961,
s1,2023-01-22T14:03:36Z,960,
s1,2023-01-22T14:03:37Z,959,
s1,2023-01-22T14:03:38Z,958,
s1,2023-01-22T14:03:39Z,957,
s1,2023-01-22T14:03:40Z,956,
s1,2023-01-22T14:03:41Z,955,
s1,2023-01-22T14:03:42Z,954,
s1,2023-01-22T14:03:43Z,953,
s1,2023-01-22T14:03:44Z,953,
s1,2023-01-22T14:03:45Z,952,
s1,2023-01-22T14:03:46Z,951,
s1,2023-01-22T14:03:47Z,951,
s1,2023-01-22T14:03:48Z,951,
s1,2023-01-22T14:03:49Z,951,
s1,2023-01-22T14:03:50Z,951,
s1,2023-01-22T14:03:51Z,951,
s1,2023-01-22T14:03:52Z,951,
s1,2023-01-22T14:03:53Z,951,
s1,2023-01-22T14:03:54Z,952,
s1,2023-01-22T14:03:55Z,951,
s1,2023-01-22T14:03:56Z,951,
s1,2023-01-22T14:03:57Z,951,
s1,2023-01-22T14:03:58Z,951,
s1,2023-01-22T14:03:59Z,950,
s1,2023-01-22T14:04:00Z,950,
s1,2023-01-22T14:04:01Z,949,
s1,2023-01-22T14:04:02Z,948,
s1,2023-01-22T14:04:03Z,948,
s1,2023-01-22T14:04:04Z,948,
s1,2023-01-22T14:04:05Z,948,
s1,2023-01-22T14:04:06Z,949,
s1,2023-01-22T14:04:07Z,950,
s1,2023-01-22T14:04:08Z,950,
s1,2023-01-22T14:04:09Z,950,
s1,2023-01-22T14:04:10Z,950,
s1,2023-01-22T14:04:11Z,950,
s1,2023-01-22T14:04:12Z,950,
s1,2023-01-22T14:04:13Z,950,
s1,2023-01-22T14:04:14Z,950,
s1,2023-01-22T14:04:15Z,950,
s1,2023-01-22T14:04:16Z,951,
s1,2023-01-22T14:04:17Z,951,
s1,2023-01-22T14:04:18Z,952,
s1,2023-01-22T14:04:19Z,952,
s1,2023-01-22T14:04:20Z,952,
s1,2023-01-22T14:04:21Z,952,
s1,2023-01-22T14:04:22Z,952,
s1,2023-01-22T14:04:23Z,952,
s1,2023-01-22T14:04:24Z,952,
s1,2023-01-22T14:04:25Z,952,
s1,2023-01-22T14:04:26Z,952,
s1,2023-01-22T14:04:27Z,952,
s1,2023-01-22T14:04:28Z,952,
s1,2023-01-22T14:04:29Z,951,
s1,2023-01-22T14:04:30Z,951,
s1,2023-01-22T14:04:31Z,951,
s1,2023-01-22T14:04:32Z,951,
s1,2023-01-22T14:04:33Z,951,
s1,2023-01-22T14:04:34Z,951,
s1,2023-01-22T14:04:35Z,951,
s1,2023-01-22T14:04:36Z,951,
s1,2023-01-22T14:04:37Z,951,
s1,2023-01-22T14:04:38Z,951,
s1,2023-01-22T14:04:39Z,951,
s1,2023-01-22T14:04:40Z,951,
s1,2023-01-22T14:04:41Z,951,
s1,2023-01-22T14:04:42Z,952,
s1,2023-01-22T14:04:43Z,952,
s1,2023-01-22T14:04:44Z,952,
s1,2023-01-22T14:04:45Z,952,
s1,2023-01-22T14:04:46Z,952,
s1,2023-01-22T14:04:47Z,951,
s1,2023-01-22T14:04:48Z,951,
s1,2023-01-22T14:04:49Z,951,
s1,2023-01-22T14:04:50Z,951,
s1,2023-01-22T14:04:51Z,951,
s1,2023-01-22T14:04:52Z,951,
s1,2023-01-22T14:04:53Z,950,
s1,2023-01-22T14:04:54Z,950,
s1,2023-01-22T14:04:55Z,950,
s1,2023-01-22T14:04:56Z,950,
s1,2023-01-22T14:04:57Z,950,
s1,2023-01-22T14:04:58Z,951,
s1,2023-01-22T14:04:59Z,951,
s1,2023-01-22T14:05:00Z,952,
s1,2023-01-22T14:05:01Z,953,
s1,2023-01-22T14:05:02Z,953,
s1,2023-01-22T14:05:03Z,953,
s1,2023-01-22T14:05:04Z,953,
s1,2023-01-22T14:05:05Z,953,
s1,2023-01-22T14:05:06Z,953,
s1,2023-01-22T14:05:07Z,953,
s1,2023-01-22T14:05:08Z,953,
s1,2023-01-22T14:05:09Z,953,
s1,2023-01-22T14:05:10Z,953,
s1,2023-01-22T14:05:11Z,954,
s1,2023-01-22T14:05:12Z,955,
s1,2023-01-22T14:05:13Z,955,
s1,2023-01-22T14:05:14Z,955,
s1,2023-01-22T14:05:15Z,955,
s1,2023-01-22T14:05:16Z,955,
s1,2023-01-22T14:05:17Z,955,
s1,2023-01-22T14:05:18Z,955,
s1,2023-01-22T14:05:19Z,955,
s1,2023-01-22T14:05:20Z,956,
s1,2023-01-22T14:05:21Z,957,
s1,2023-01-22T14:05:22Z,957,
s1,2023-01-22T14:05:23Z,958,
s1,2023-01-22T14:05:24Z,958,
s1,2023-01-22T14:05:25Z,959,
s1,2023-01-22T14:05:26Z,960,
s1,2023-01-22T14:05:27Z,961,
s1,2023-01-22T14:05:28Z,962,
s1,2023-01-22T14:05:29Z,962,
s1,2023-01-22T14:05:30Z,962,
s1,2023-01-22T14:05:31Z,962,
s1,2023-01-22T14:05:32Z,962,
s1,2023-01-22T14:05:33Z,962,
s1,2023-01-22T14:05:34Z,962,
s1,2023-01-22T14:05:35Z,963,
s1,2023-01-22T14:05:36Z,963,
s1,2023-01-22T14:05:37Z,962,
s1,2023-01-22T14:05:38Z,963,
s1,2023-01-22T14:05:39Z,963,
s1,2023-01-22T14:05:40Z,963,
s1,2023-01-22T14:05:41Z,963,
s1,2023-01-22T14:05:42Z,963,
s1,2023-01-22T14:05:43Z,963,
s1,2023-01-22T14:05:44Z,963,
s1,2023-01-22T14:05:45Z,963,
s1,2023-01-22T14:05:46Z,963,
s1,2023-01-22T14:05:47Z,963,
s1,2023-01-22T14:05:48Z,963,
s1,2023-01-22T14:05:49Z,964,
s1,2023-01-22T14:05:50Z,964,
s1,2023-01-22T14:05:51Z,963,
s1,2023-01-22T14:05:52Z,963,
s1,2023-01-22T14:05:53Z,963,
s1,2023-01-22T14:05:54Z,962,
s1,2023-01-22T14:05:55Z,963,
s1,2023-01-22T14:05:56Z,963,
s1,2023-01-22T14:05:57Z,963,
s1,2023-01-22T14:05:58Z,963,
s1,2023-01-22T14:05:59Z,964,
s1,2023-01-22T14:06:00Z,964,
s1,2023-01-22T14:06:01Z,964,
s1,2023-01-22T14:06:02Z,964,
s1,2023-01-22T14:06:03Z,964,
s1,2023-01-22T14:06:04Z,964,
s1,2023-01-22T14:06:05Z,964,
s1,2023-01-22T14:06:06Z,964,
s1,2023-01-22T14:06:07Z,964,
s1,2023-01-22T14:06:08Z,963,
s1,2023-01-22T14:06:09Z,963,
s1,2023-01-22T14:06:10Z,962,
s1,2023-01-22T14:06:11Z,961,
s1,2023-01-22T14:06:12Z,962,
s1,2023-01-22T14:06:13Z,962,
s1,2023-01-22T14:06:14Z,962,
s1,2023-01-22T14:06:15Z,963,
s1,2023-01-22T14:06:16Z,963,
s1,2023-01-22T14:06:17Z,963,
s1,2023-01-22T14:06:18Z,963,
s1,2023-01-22T14:06:19Z,963,
s1,2023-01-22T14:06:20Z,963,
s1,2023-01-22T14:06:21Z,963,
s1,2023-01-22T14:06:22Z,964,
s1,2023-01-22T14:06:23Z,963,
s1,2023-01-22T14:06:24Z,963,
s1,2023-01-22T14:06:25Z,963,
s1,2023-01-22T14:06:26Z,963,
s1,2023-01-22T14:06:27Z,963,
s1,2023-01-22T14:06:28Z,962,
s1,2023-01-22T14:06:29Z,962,
s1,2023-01-22T14:06:30Z,962,
s1,2023-01-22T14:06:31Z,962,
s1,2023-01-22T14:06:32Z,962,
s1,2023-01-22T14:06:33Z,962,
s1,2023-01-22T14:06:34Z,962,
s1,2023-01-22T14:06:35Z,961,
s1,2023-01-22T14:06:36Z,962,
s1,2023-01-22T14:06:37Z,963,
s1,2023-01-22T14:06:38Z,964,
s1,2023-01-22T14:06:39Z,966,
s1,2023-01-22T14:06:40Z,966,
s1,2023-01-22T14:06:41Z,966,
s1,2023-01-22T14:06:42Z,967,
s1,2023-01-22T14:06:43Z,968,
s1,2023-01-22T14:06:44Z,969,
s1,2023-01-22T14:06:45Z,969,
s2,2023-01-22T13:57:01Z,882,
s2,2023-01-22T13:57:02Z,890,
s2,2023-01-22T13:57:03Z,898,
s2,2023-01-22T13:57:04Z,905,
s2,2023-01-22T13:57:05Z,912,
s2,2023-01-22T13:57:06Z,917,
s2,2023-01-22T13:57:07Z,922,
s2,2023-01-22T13:57:08Z,927,
s2,2023-01-22T13:57:09Z,931,
s2,2023-01-22T13:57:10Z,934,
s2,2023-01-22T13:57:11Z,937,
s2,2023-01-22T13:57:12Z,940,
s2,2023-01-22T13:57:13Z,943,
s2,2023-01-22T13:57:14Z,945,
s2,2023-01-22T13:57:15Z,947,
s2,2023-01-22T13:57:16Z,949,
s2,2023-01-22T13:57:17Z,951,
s2,2023-01-22T13:57:18Z,953,
s2,2023-01-22T13:57:19Z,954,
s2,2023-01-22T13:57:20Z,956,
s2,2023-01-22T13:57:21Z,957,
s2,2023-01-22T13:57:22Z,958,
s2,2023-01-22T13:57:23Z,958,
s2,2023-01-22T13:57:24Z,959,
s2,2023-01-22T13:57:25Z,959,
s2,2023-01-22T13:57:26Z,960,
s2,2023-01-22T13:57:27Z,960,
s2,2023-01-22T13:57:28Z,960,
s2,2023-01-22T13:57:29Z,960,
s2,2023-01-22T13:57:30Z,961,
s2,2023-01-22T13:57:31Z,962,
s2,2023-01-22T13:57:32Z,963,
s2,2023-01-22T13:57:33Z,963,
s2,2023-01-22T13:57:34Z,963,
s2,2023-01-22T13:57:35Z,964,
s2,2023-01-22T13:57:36Z,964,
s2,2023-01-22T13:57:37Z,964,
s2,2023-01-22T13:57:38Z,964,
s2,2023-01-22T13:57:39Z,964,
s2,2023-01-22T13:57:40Z,965,
s2,2023-01-22T13:57:41Z,966,
s2,2023-01-22T13:57:42Z,966,
s2,2023-01-22T13:57:43Z,966,
s2,2023-01-22T13:57:44Z,966,
s2,2023-01-22T13:57:45Z,966,
s2,2023-01-22T13:57:46Z,966,
s2,2023-01-22T13:57:47Z,966,
s2,2023-01-22T13:57:48Z,966,
s2,2023-01-22T13:57:49Z,966,
s2,2023-01-22T13:57:50Z,963,
s2,2023-01-22T13:57:51Z,963,
s2,2023-01-22T13:57:52Z,963,
s2,2023-01-22T13:57:53Z,963,
s2,2023-01-22T13:57:54Z,963,
s2,2023-01-22T13:57:55Z,963,
s2,2023-01-22T13:57:56Z,963,
s2,2023-01-22T13:57:57Z,963,
s2,2023-01-22T13:57:58Z,963,
s2,2023-01-22T13:57:59Z,963,
s2,2023-01-22T13:58:00Z,963,
s2,2023-01-22T13:58:01Z,963,
s2,2023-01-22T13:58:02Z,963,
s2,2023-01-22T13:58:03Z,964,
s2,2023-01-22T13:58:04Z,964,
s2,2023-01-22T13:58:05Z,965,
s2,2023-01-22T13:58:06Z,965,
s2,2023-01-22T13:58:07Z,965,
s2,2023-01-22T13:58:08Z,965,
s2,2023-01-22T13:58:09Z,965,
s2,2023-01-22T13:58:10Z,965,
s2,2023-01-22T13:58:11Z,965,
s2,2023-01-22T13:58:12Z,965,
s2,2023-01-22T13:58:13Z,965,
s2,2023-01-22T13:58:14Z,965,
s2,2023-01-22T13:58:15Z,965,
s2,2023-01-22T13:58:16Z,965,
s2,2023-01-22T13:58:17Z,966,
s2,2023-01-22T13:58:18Z,966,
s2,2023-01-22T13:58:19Z,966,
s2,2023-01-22T13:58:20Z,967,
s2,2023-01-22T13:58:21Z,967,
s2,2023-01-22T13:58:22Z,967,
s2,2023-01-22T13:58:23Z,967,
s2,2023-01-22T13:58:24Z,967,
s2,2023-01-22T13:58:25Z,967,
s2,2023-01-22T13:58:26Z,968,
s2,2023-01-22T13:58:27Z,968,
s2,2023-01-22T13:58:28Z,968,
s2,2023-01-22T13:58:29Z,968,
s2,2023-01-22T13:58:30Z,968,
s2,2023-01-22T13:58:31Z,968,
s2,2023-01-22T13:58:32Z,967,
s2,2023-01-22T13:58:33Z,967,
s2,2023-01-22T13:58:34Z,966,
s2,2023-01-22T13:58:35Z,965,
s2,2023-01-22T13:58:36Z,964,
s2,2023-01-22T13:58:37Z,963,
s2,2023-01-22T13:58:38Z,962,
s2,2023-01-22T13:58:39Z,961,
s2,2023-01-22T13:58:40Z,960,
s2,2023-01-22T13:58:41Z,960,
s2,2023-01-22T13:58:42Z,960,
s2,2023-01-22T13:58:43Z,960,
s2,2023-01-22T13:58:44Z,959,
s2,2023-01-22T13:58:45Z,958,
s2,2023-01-22T13:58:46Z,958,
s2,2023-01-22T13:58:47Z,958,
s2,2023-01-22T13:58:48Z,958,
s2,2023-01-22T13:58:49Z,958,
s2,2023-01-22T13:58:50Z,958,
s2,2023-01-22T13:58:51Z,959,
s2,2023-01-22T13:58:52Z,959,
s2,2023-01-22T13:58:53Z,959,
s2,2023-01-22T13:58:54Z,959,
s2,2023-01-22T13:58:55Z,958,
s2,2023-01-22T13:58:56Z,957,
s2,2023-01-22T13:58:57Z,957,
s2,2023-01-22T13:58:58Z,957,
s2,2023-01-22T13:58:59Z,957,
s2,2023-01-22T13:59:00Z,957,
s2,2023-01-22T13:59:01Z,957,
s2,2023-01-22T13:59:02Z,957,
s2,2023-01-22T13:59:03Z,957,
s2,2023-01-22T13:59:04Z,957,
s2,2023-01-22T13:59:05Z,957,
s2,2023-01-22T13:59:06Z,957,
s2,2023-01-22T13:59:07Z,957,
s2,2023-01-22T13:59:08Z,957,
s2,2023-01-22T13:59:09Z,957,
s2,2023-01-22T13:59:10Z,957,
s2,2023-01-22T13:59:11Z,957,
s2,2023-01-22T13:59:12Z,957,
s2,2023-01-22T13:59:13Z,957,
s2,2023-01-22T13:59:14Z,957,
s2,2023-01-22T13:59:15Z,957,
s2,2023-01-22T13:59:16Z,957,
s2,2023-01-22T13:59:17Z,957,
s2,2023-01-22T13:59:18Z,957,
s2,2023-01-22T13:59:19Z,957,
s2,2023-01-22T13:59:20Z,957,
s2,2023-01-22T13:59:21Z,956,
s2,2023-01-22T13:59:22Z,956,
s2,2023-01-22T13:59:23Z,956,
s2,2023-01-22T13:59:24Z,956,
s2,2023-01-22T13:59:25Z,956,
s2,2023-01-22T13:59:26Z,956,
s2,2023-01-22T13:59:27Z,956,
s2,2023-01-22T13:59:28Z,957,
s2,2023-01-22T13:59:29Z,957,
s2,2023-01-22T13:59:30Z,957,
s2,2023-01-22T13:59:31Z,957,
s2,2023-01-22T13:59:32Z,957,
s2,2023-01-22T13:59:33Z,957,
s2,2023-01-22T13:59:34Z,957,
s2,2023-01-22T13:59:35Z,957,
s2,2023-01-22T13:59:36Z,957,
s2,2023-01-22T13:59:37Z,957,
s2,2023-01-22T13:59:38Z,957,
s2,2023-01-22T13:59:39Z,957,
s2,2023-01-22T13:59:40Z,957,
s2,2023-01-22T13:59:41Z,957,
s2,2023-01-22T13:59:42Z,957,
s2,2023-01-22T13:59:43Z,957,
s2,2023-01-22T13:59:44Z,957,
s2,2023-01-22T13:59:45Z,957,
s2,2023-01-22T13:59:46Z,957,
s2,2023-01-22T13:59:47Z,957,
s2,2023-01-22T13:59:48Z,957,
s2,2023-01-22T13:59:49Z,954,
s2,2023-01-22T13:59:50Z,954,
s2,2023-01-22T13:59:51Z,954,
s2,2023-01-22T13:59:52Z,954,
s2,2023-01-22T13:59:53Z,954,
s2,2023-01-22T13:59:54Z,954,
s2,2023-01-22T13:59:55Z,954,
s2,2023-01-22T13:59:56Z,954,
s2,2023-01-22T13:59:57Z,954,
s2,2023-01-22T13:59:58Z,955,
s2,2023-01-22T13:59:59Z,955,
s2,2023-01-22T14:00:00Z,955,
s2,2023-01-22T14:00:01Z,955,
s2,2023-01-22T14:00:02Z,955,
s2,2023-01-22T14:00:03Z,955,
s2,2023-01-22T14:00:04Z,955,
s2,2023-01-22T14:00:05Z,955,
s2,2023-01-22T14:00:06Z,955,
s2,2023-01-22T14:00:07Z,955,
s2,2023-01-22T14:00:08Z,955,
s2,2023-01-22T14:00:09Z,955,
s2,2023-01-22T14:00:10Z,956,
s2,2023-01-22T14:00:11Z,958,
s2,2023-01-22T14:00:12Z,961,
s2,2023-01-22T14:00:13Z,965,
s2,2023-01-22T14:00:14Z,969,
s2,2023-01-22T14:00:15Z,973,
s2,2023-01-22T14:00:16Z,976,
s2,2023-01-22T14:00:17Z,978,
s2,2023-01-22T14:00:18Z,979,
s2,2023-01-22T14:00:19Z,980,
s2,2023-01-22T14:00:20Z,981,
s2,2023-01-22T14:00:21Z,982,
s2,2023-01-22T14:00:22Z,983,
s2,2023-01-22T14:00:23Z,984,
s2,2023-01-22T14:00:24Z,985,
s2,2023-01-22T14:00:25Z,986,
s2,2023-01-22T14:00:26Z,987,
s2,2023-01-22T14:00:27Z,988,
s2,2023-01-22T14:00:28Z,989,
s2,2023-01-22T14:00:29Z,990,
s2,2023-01-22T14:00:30Z,991,
s2,2023-01-22T14:00:31Z,991,
s2,2023-01-22T14:00:32Z,991,
s2,2023-01-22T14:00:33Z,992,
s2,2023-01-22T14:00:34Z,992,
s2,2023-01-22T14:00:35Z,992,
s2,2023-01-22T14:00:36Z,992,
s2,2023-01-22T14:00:37Z,993,
s2,2023-01-22T14:00:38Z,993,
s2,2023-01-22T14:00:39Z,993,
s2,2023-01-22T14:00:40Z,993,
s2,2023-01-22T14:00:41Z,993,
s2,2023-01-22T14:00:42Z,993,
s2,2023-01-22T14:00:43Z,993,
s2,2023-01-22T14:00:44Z,994,
s2,2023-01-22T14:00:45Z,994,
s2,2023-01-22T14:00:46Z,994,
s2,2023-01-22T14:00:47Z,994,
s2,2023-01-22T14:00:48Z,994,
s2,2023-01-22T14:00:49Z,994,
s2,2023-01-22T14:00:50Z,994,
s2,2023-01-22T14:00:51Z,994,
s2,2023-01-22T14:00:52Z,994,
s2,2023-01-22T14:00:53Z,994,
s2,2023-01-22T14:00:54Z,994,
s2,2023-01-22T14:00:55Z,995,
s2,2023-01-22T14:00:56Z,995,
s2,2023-01-22T14:00:57Z,995,
s2,2023-01-22T14:00:58Z,995,
s2,2023-01-22T14:00:59Z,995,
s2,2023-01-22T14:01:00Z,995,
s2,2023-01-22T14:01:01Z,995,
s2,2023-01-22T14:01:02Z,995,
s2,2023-01-22T14:01:03Z,995,
s2,2023-01-22T14:01:04Z,996,
s2,2023-01-22T14:01:05Z,996,
s2,2023-01-22T14:01:06Z,996,
s2,2023-01-22T14:01:07Z,996,
s2,2023-01-22T14:01:08Z,996,
s2,2023-01-22T14:01:09Z,996,
s2,2023-01-22T14:01:10Z,996,
s2,2023-01-22T14:01:11Z,996,
s2,2023-01-22T14:01:12Z,996,
s2,2023-01-22T14:01:13Z,996,
s2,2023-01-22T14:01:14Z,996,
s2,2023-01-22T14:01:15Z,996,
s2,2023-01-22T14:01:16Z,996,
s2,2023-01-22T14:01:17Z,996,
s2,2023-01-22T14:01:18Z,996,
s2,2023-01-22T14:01:19Z,996,
s2,2023-01-22T14:01:20Z,996,
s2,2023-01-22T14:01:21Z,996,
s2,2023-01-22T14:01:22Z,996,
s2,2023-01-22T14:01:23Z,996,
s2,2023-01-22T14:01:24Z,996,
s2,2023-01-22T14:01:25Z,996,
s2,2023-01-22T14:01:26Z,995,
s2,2023-01-22T14:01:27Z,995,
s2,2023-01-22T14:01:28Z,995,
s2,2023-01-22T14:01:29Z,995,
s2,2023-01-22T14:01:30Z,995,
s2,2023-01-22T14:01:31Z,995,
s2,2023-01-22T14:01:32Z,995,
s2,2023-01-22T14:01:33Z,995,
s2,2023-01-22T14:01:34Z,995,
s2,2023-01-22T14:01:35Z,995,
s2,2023-01-22T14:01:36Z,995,
s2,2023-01-22T14:01:37Z,995,
s2,2023-01-22T14:01:38Z,995,
s2,2023-01-22T14:01:39Z,995,
s2,2023-01-22T14:01:40Z,995,
s2,2023-01-22T14:01:41Z,995,
s2,2023-01-22T14:01:42Z,995,
s2,2023-01-22T14:01:43Z,995,
s2,2023-01-22T14:01:44Z,995,
s2,2023-01-22T14:01:45Z,995,
s2,2023-01-22T14:01:46Z,995,
s2,2023-01-22T14:01:47Z,995,
s2,2023-01-22T14:01:48Z,995,
s2,2023-01-22T14:01:49Z,995,
s2,2023-01-22T14:01:50Z,996,
s2,2023-01-22T14:01:51Z,998,
s2,2023-01-22T14:01:52Z,999,
s2,2023-01-22T14:01:53Z,1000,
s2,2023-01-22T14:01:54Z,999,
s2,2023-01-22T14:01:55Z,997,
s2,2023-01-22T14:01:56Z,996,
s2,2023-01-22T14:01:57Z,995,
s2,2023-01-22T14:01:58Z,993,
s2,2023-01-22T14:01:59Z,991,
s2,2023-01-22T14:02:00Z,989,
s2,2023-01-22T14:02:01Z,987,
s2,2023-01-22T14:02:02Z,986,
s2,2023-01-22T14:02:03Z,985,
s2,2023-01-22T14:02:04Z,984,
s2,2023-01-22T14:02:05Z,983,
s2,2023-01-22T14:02:06Z,983,
s2,2023-01-22T14:02:07Z,983,
s2,2023-01-22T14:02:08Z,982,
s2,2023-01-22T14:02:09Z,981,
s2,2023-01-22T14:02:10Z,981,
s2,2023-01-22T14:02:11Z,981,
s2,2023-01-22T14:02:12Z,981,
s2,2023-01-22T14:02:13Z,980,
s2,2023-01-22T14:02:14Z,980,
s2,2023-01-22T14:02:15Z,980,
s2,2023-01-22T14:02:16Z,980,
s2,2023-01-22T14:02:17Z,980,
s2,2023-01-22T14:02:18Z,978,
s2,2023-01-22T14:02:19Z,978,
s2,2023-01-22T14:02:20Z,979,
s2,2023-01-22T14:02:21Z,979,
s2,2023-01-22T14:02:22Z,979,
s2,2023-01-22T14:02:23Z,979,
s2,2023-01-22T14:02:24Z,978,
s2,2023-01-22T14:02:25Z,978,
s2,2023-01-22T14:02:26Z,978,
s2,2023-01-22T14:02:27Z,978,
s2,2023-01-22T14:02:28Z,977,
s2,2023-01-22T14:02:29Z,977,
s2,2023-01-22T14:02:30Z,977,
s2,2023-01-22T14:02:31Z,977,
s2,2023-01-22T14:02:32Z,977,
s2,2023-01-22T14:02:33Z,977,
s2,2023-01-22T14:02:34Z,977,
s2,2023-01-22T14:02:35Z,977,
s2,2023-01-22T14:02:36Z,978,
s2,2023-01-22T14:02:37Z,978,
s2,2023-01-22T14:02:38Z,978,
s2,2023-01-22T14:02:39Z,977,
s2,2023-01-22T14:02:40Z,977,
s2,2023-01-22T14:02:41Z,977,
s2,2023-01-22T14:02:42Z,977,
s2,2023-01-22T14:02:43Z,977,
s2,2023-01-22T14:02:44Z,977,
s2,2023-01-22T14:02:45Z,977,
s2,2023-01-22T14:02:46Z,977,
s2,2023-01-22T14:02:47Z,977,
s2,2023-01-22T14:02:48Z,976,
s2,2023-01-22T14:02:49Z,976,
s2,2023-01-22T14:02:50Z,976,
s2,2023-01-22T14:02:51Z,976,
s2,2023-01-22T14:02:52Z,976,
s2,2023-01-22T14:02:53Z,976,
s2,2023-01-22T14:02:54Z,976,
s2,2023-01-22T14:02:55Z,976,
s2,2023-01-22T14:02:56Z,976,
s2,2023-01-22T14:02:57Z,976,
s2,2023-01-22T14:02:58Z,976,
s2,2023-01-22T14:02:59Z,976,
s2,2023-01-22T14:03:00Z,976,
s2,2023-01-22T14:03:01Z,976,
s2,2023-01-22T14:03:02Z,976,
s2,2023-01-22T14:03:03Z,976,
s2,2023-01-22T14:03:04Z,976,
s2,2023-01-22T14:03:05Z,976,
s2,2023-01-22T14:03:06Z,976,
s2,2023-01-22T14:03:07Z,976,
s2,2023-01-22T14:03:08Z,976,
s2,2023-01-22T14:03:09Z,975,
s2,2023-01-22T14:03:10Z,975,
s2,2023-01-22T14:03:11Z,975,
s2,2023-01-22T14:03:12Z,975,
s2,2023-01-22T14:03:13Z,975,
s2,2023-01-22T14:03:14Z,975,
s2,2023-01-22T14:03:15Z,975,
s2,2023-01-22T14:03:16Z,975,
s2,2023-01-22T14:03:17Z,975,
s2,2023-01-22T14:03:18Z,975,
s2,2023-01-22T14:03:19Z,975,
s2,2023-01-22T14:03:20Z,975,
s2,2023-01-22T14:03:21Z,975,
s2,2023-01-22T14:03:22Z,976,
s2,2023-01-22T14:03:23Z,976,
s2,2023-01-22T14:03:24Z,975,
s2,2023-01-22T14:03:25Z,975,
s2,2023-01-22T14:03:26Z,974,
s2,2023-01-22T14:03:27Z,973,
s2,2023-01-22T14:03:28Z,972,
s2,2023-01-22T14:03:29Z,971,
s2,2023-01-22T14:03:30Z,970,
s2,2023-01-22T14:03:31Z,969,
s2,2023-01-22T14:03:32Z,968,
s2,2023-01-22T14:03:33Z,967,
s2,2023-01-22T14:03:34Z,966,
s2,2023-01-22T14:03:35Z,965,
s2,2023-01-22T14:03:36Z,964,
s2,2023-01-22T14:03:37Z,963,
s2,2023-01-22T14:03:38Z,962,
s2,2023-01-22T14:03:39Z,963,
s2,2023-01-22T14:03:40Z,963,
s2,2023-01-22T14:03:41Z,962,
s2,2023-01-22T14:03:42Z,961,
s2,2023-01-22T14:03:43Z,960,
s2,2023-01-22T14:03:44Z,959,
s2,2023-01-22T14:03:45Z,958,
s2,2023-01-22T14:03:46Z,958,
s2,2023-01-22T14:03:47Z,958,
s2,2023-01-22T14:03:48Z,958,
s2,2023-01-22T14:03:49Z,957,
s2,2023-01-22T14:03:50Z,957,
s2,2023-01-22T14:03:51Z,957,
s2,2023-01-22T14:03:52Z,957,
s2,2023-01-22T14:03:53Z,956,
s2,2023-01-22T14:03:54Z,956,
s2,2023-01-22T14:03:55Z,955,
s2,2023-01-22T14:03:56Z,955,
s2,2023-01-22T14:03:57Z,955,
s2,2023-01-22T14:03:58Z,955,
s2,2023-01-22T14:03:59Z,955,
s2,2023-01-22T14:04:00Z,955,
s2,2023-01-22T14:04:01Z,954,
s2,2023-01-22T14:04:02Z,954,
s2,2023-01-22T14:04:03Z,954,
s2,2023-01-22T14:04:04Z,954,
s2,2023-01-22T14:04:05Z,954,
s2,2023-01-22T14:04:06Z,955,
s2,2023-01-22T14:04:07Z,956,
s2,2023-01-22T14:04:08Z,957,
s2,2023-01-22T14:04:09Z,957,
s2,2023-01-22T14:04:10Z,957,
s2,2023-01-22T14:04:11Z,957,
s2,2023-01-22T14:04:12Z,957,
s2,2023-01-22T14:04:13Z,957,
s2,2023-01-22T14:04:14Z,956,
s2,2023-01-22T14:04:15Z,956,
s2,2023-01-22T14:04:16Z,956,
s2,2023-01-22T14:04:17Z,956,
s2,2023-01-22T14:04:18Z,956,
s2,2023-01-22T14:04:19Z,956,
s2,2023-01-22T14:04:20Z,956,
s2,2023-01-22T14:04:21Z,956,
s2,2023-01-22T14:04:22Z,956,
s2,2023-01-22T14:04:23Z,956,
s2,2023-01-22T14:04:24Z,955,
s2,2023-01-22T14:04:25Z,955,
s2,2023-01-22T14:04:26Z,955,
s2,2023-01-22T14:04:27Z,955,
s2,2023-01-22T14:04:28Z,955,
s2,2023-01-22T14:04:29Z,955,
s2,2023-01-22T14:04:30Z,955,
s2,2023-01-22T14:04:31Z,955,
s2,2023-01-22T14:04:32Z,955,
s2,2023-01-22T14:04:33Z,955,
s2,2023-01-22T14:04:34Z,955,
s2,2023-01-22T14:04:35Z,955,
s2,2023-01-22T14:04:36Z,955,
s2,2023-01-22T14:04:37Z,955,
s2,2023-01-22T14:04:38Z,955,
s2,2023-01-22T14:04:39Z,955,
s2,2023-01-22T14:04:40Z,954,
s2,2023-01-22T14:04:41Z,954,
s2,2023-01-22T14:04:42Z,954,
s2,2023-01-22T14:04:43Z,954,
s2,2023-01-22T14:04:44Z,954,
s2,2023-01-22T14:04:45Z,954,
s2,2023-01-22T14:04:46Z,954,
s2,2023-01-22T14:04:47Z,954,
s2,2023-01-22T14:04:48Z,954,
s2,2023-01-22T14:04:49Z,953,
s2,2023-01-22T14:04:50Z,953,
s2,2023-01-22T14:04:51Z,953,
s2,2023-01-22T14:04:52Z,953,
s2,2023-01-22T14:04:53Z,953,
s2,2023-01-22T14:04:54Z,953,
s2,2023-01-22T14:04:55Z,953,
s2,2023-01-22T14:04:56Z,953,
s2,2023-01-22T14:04:57Z,953,
s2,2023-01-22T14:04:58Z,953,
s2,2023-01-22T14:04:59Z,954,
s2,2023-01-22T14:05:00Z,954,
s2,2023-01-22T14:05:01Z,955,
s2,2023-01-22T14:05:02Z,956,
s2,2023-01-22T14:05:03Z,957,
s2,2023-01-22T14:05:04Z,959,
s2,2023-01-22T14:05:05Z,960,
s2,2023-01-22T14:05:06Z,961,
s2,2023-01-22T14:05:07Z,962,
s2,2023-01-22T14:05:08Z,963,
s2,2023-01-22T14:05:09Z,964,
s2,2023-01-22T14:05:10Z,965,
s2,2023-01-22T14:05:11Z,965,
s2,2023-01-22T14:05:12Z,965,
s2,2023-01-22T14:05:13Z,965,
s2,2023-01-22T14:05:14Z,965,
s2,2023-01-22T14:05:15Z,965,
s2,2023-01-22T14:05:16Z,965,
s2,2023-01-22T14:05:17Z,965,
s2,2023-01-22T14:05:18Z,966,
s2,2023-01-22T14:05:19Z,966,
s2,2023-01-22T14:05:20Z,967,
s2,2023-01-22T14:05:21Z,968,
s2,2023-01-22T14:05:22Z,969,
s2,2023-01-22T14:05:23Z,971,
s2,2023-01-22T14:05:24Z,973,
s2,2023-01-22T14:05:25Z,975,
s2,2023-01-22T14:05:26Z,976,
s2,2023-01-22T14:05:27Z,976,
s2,2023-01-22T14:05:28Z,977,
s2,2023-01-22T14:05:29Z,977,
s2,2023-01-22T14:05:30Z,977,
s2,2023-01-22T14:05:31Z,978,
s2,2023-01-22T14:05:32Z,978,
s2,2023-01-22T14:05:33Z,978,
s2,2023-01-22T14:05:34Z,979,
s2,2023-01-22T14:05:35Z,979,
s2,2023-01-22T14:05:36Z,979,
s2,2023-01-22T14:05:37Z,979,
s2,2023-01-22T14:05:38Z,979,
s2,2023-01-22T14:05:39Z,979,
s2,2023-01-22T14:05:40Z,979,
s2,2023-01-22T14:05:41Z,979,
s2,2023-01-22T14:05:42Z,979,
s2,2023-01-22T14:05:43Z,979,
s2,2023-01-22T14:05:44Z,980,
s2,2023-01-22T14:05:45Z,980,
s2,2023-01-22T14:05:46Z,980,
s2,2023-01-22T14:05:47Z,980,
s2,2023-01-22T14:05:48Z,980,
s2,2023-01-22T14:05:49Z,980,
s2,2023-01-22T14:05:50Z,980,
s2,2023-01-22T14:05:51Z,980,
s2,2023-01-22T14:05:52Z,980,
s2,2023-01-22T14:05:53Z,981,
s2,2023-01-22T14:05:54Z,981,
s2,2023-01-22T14:05:55Z,981,
s2,2023-01-22T14:05:56Z,981,
s2,2023-01-22T14:05:57Z,981,
s2,2023-01-22T14:05:58Z,981,
s2,2023-01-22T14:05:59Z,981,
s2,2023-01-22T14:06:00Z,981,
s2,2023-01-22T14:06:01Z,981,
s2,2023-01-22T14:06:02Z,981,
s2,2023-01-22T14:06:03Z,981,
s2,2023-01-22T14:06:04Z,981,
s2,2023-01-22T14:06:05Z,980,
s2,2023-01-22T14:06:06Z,980,
s2,2023-01-22T14:06:07Z,980,
s2,2023-01-22T14:06:08Z,980,
s2,2023-01-22T14:06:09Z,980,
s2,2023-01-22T14:06:10Z,980,
s2,2023-01-22T14:06:11Z,980,
s2,2023-01-22T14:06:12Z,980,
s2,2023-01-22T14:06:13Z,980,
s2,2023-01-22T14:06:14Z,980,
s2,2023-01-22T14:06:15Z,980,
s2,2023-01-22T14:06:16Z,980,
s2,2023-01-22T14:06:17Z,980,
s2,2023-01-22T14:06:18Z,980,
s2,2023-01-22T14:06:19Z,980,
s2,2023-01-22T14:06:20Z,980,
s2,2023-01-22T14:06:21Z,980,
s2,2023-01-22T14:06:22Z,980,
s2,2023-01-22T14:06:23Z,980,
s2,2023-01-22T14:06:24Z,980,
s2,2023-01-22T14:06:25Z,980,
s2,2023-01-22T14:06:26Z,980,
s2,2023-01-22T14:06:27Z,980,
s2,2023-01-22T14:06:28Z,979,
s2,2023-01-22T14:06:29Z,979,
s2,2023-01-22T14:06:30Z,979,
s2,2023-01-22T14:06:31Z,978,
s2,2023-01-22T14:06:32Z,978,
s2,2023-01-22T14:06:33Z,978,
s2,2023-01-22T14:06:34Z,978,
s2,2023-01-22T14:06:35Z,978,
s2,2023-01-22T14:06:36Z,978,
s2,2023-01-22T14:06:37Z,979,
s2,2023-01-22T14:06:38Z,979,
s2,2023-01-22T14:06:39Z,980,
s2,2023-01-22T14:06:40Z,981,
s2,2023-01-22T14:06:41Z,982,
s2,2023-01-22T14:06:42Z,983,
s2,2023-01-22T14:06:43Z,984,
s2,2023-01-22T14:06:44Z,985,
s2,2023-01-22T14:06:45Z,986,
s3,2023-01-22T13:57:01Z,875,
s3,2023-01-22T13:57:02Z,883,
s3,2023-01-22T13:57:03Z,891,
s3,2023-01-22T13:57:04Z,898,
s3,2023-01-22T13:57:05Z,904,
s3,2023-01-22T13:57:06Z,909,
s3,2023-01-22T13:57:07Z,914,
s3,2023-01-22T13:57:08Z,919,
s3,2023-01-22T13:57:09Z,923,
s3,2023-01-22T13:57:10Z,927,
s3,2023-01-22T13:57:11Z,930,
s3,2023-01-22T13:57:12Z,933,
s3,2023-01-22T13:57:13Z,936,
s3,2023-01-22T13:57:14Z,938,
s3,2023-01-22T13:57:15Z,940,
s3,2023-01-22T13:57:16Z,942,
s3,2023-01-22T13:57:17Z,944,
s3,2023-01-22T13:57:18Z,945,
s3,2023-01-22T13:57:19Z,947,
s3,2023-01-22T13:57:20Z,948,
s3,2023-01-22T13:57:21Z,949,
s3,2023-01-22T13:57:22Z,950,
s3,2023-01-22T13:57:23Z,951,
s3,2023-01-22T13:57:24Z,952,
s3,2023-01-22T13:57:25Z,953,
s3,2023-01-22T13:57:26Z,954,
s3,2023-01-22T13:57:27Z,954,
s3,2023-01-22T13:57:28Z,955,
s3,2023-01-22T13:57:29Z,956,
s3,2023-01-22T13:57:30Z,956,
s3,2023-01-22T13:57:31Z,956,
s3,2023-01-22T13:57:32Z,956,
s3,2023-01-22T13:57:33Z,956,
s3,2023-01-22T13:57:34Z,956,
s3,2023-01-22T13:57:35Z,956,
s3,2023-01-22T13:57:36Z,957,
s3,2023-01-22T13:57:37Z,957,
s3,2023-01-22T13:57:38Z,958,
s3,2023-01-22T13:57:39Z,958,
s3,2023-01-22T13:57:40Z,959,
s3,2023-01-22T13:57:41Z,959,
s3,2023-01-22T13:57:42Z,959,
s3,2023-01-22T13:57:43Z,959,
s3,2023-01-22T13:57:44Z,959,
s3,2023-01-22T13:57:45Z,959,
s3,2023-01-22T13:57:46Z,959,
s3,2023-01-22T13:57:47Z,959,
s3,2023-01-22T13:57:48Z,959,
s3,2023-01-22T13:57:49Z,959,
s3,2023-01-22T13:57:50Z,960,
s3,2023-01-22T13:57:51Z,960,
s3,2023-01-22T13:57:52Z,960,
s3,2023-01-22T13:57:53Z,960,
s3,2023-01-22T13:57:54Z,961,
s3,2023-01-22T13:57:55Z,961,
s3,2023-01-22T13:57:56Z,961,
s3,2023-01-22T13:57:57Z,961,
s3,2023-01-22T13:57:58Z,961,
s3,2023-01-22T13:57:59Z,961,
s3,2023-01-22T13:58:00Z,961,
s3,2023-01-22T13:58:01Z,961,
s3,2023-01-22T13:58:02Z,961,
s3,2023-01-22T13:58:03Z,961,
s3,2023-01-22T13:58:04Z,961,
s3,2023-01-22T13:58:05Z,961,
s3,2023-01-22T13:58:06Z,961,
s3,2023-01-22T13:58:07Z,961,
s3,2023-01-22T13:58:08Z,961,
s3,2023-01-22T13:58:09Z,961,
s3,2023-01-22T13:58:10Z,961,
s3,2023-01-22T13:58:11Z,961,
s3,2023-01-22T13:58:12Z,961,
s3,2023-01-22T13:58:13Z,961,
s3,2023-01-22T13:58:14Z,961,
s3,2023-01-22T13:58:15Z,961,
s3,2023-01-22T13:58:16Z,961,
s3,2023-01-22T13:58:17Z,962,
s3,2023-01-22T13:58:18Z,962,
s3,2023-01-22T13:58:19Z,962,
s3,2023-01-22T13:58:20Z,962,
s3,2023-01-22T13:58:21Z,962,
s3,2023-01-22T13:58:22Z,962,
s3,2023-01-22T13:58:23Z,962,
s3,2023-01-22T13:58:24Z,962,
s3,2023-01-22T13:58:25Z,962,
s3,2023-01-22T13:58:26Z,963,
s3,2023-01-22T13:58:27Z,963,
s3,2023-01-22T13:58:28Z,962,
s3,2023-01-22T13:58:29Z,962,
s3,2023-01-22T13:58:30Z,962,
s3,2023-01-22T13:58:31Z,962,
s3,2023-01-22T13:58:32Z,962,
s3,2023-01-22T13:58:33Z,961,
s3,2023-01-22T13:58:34Z,959,
s3,2023-01-22T13:58:35Z,957,
s3,2023-01-22T13:58:36Z,955,
s3,2023-01-22T13:58:37Z,953,
s3,2023-01-22T13:58:38Z,951,
s3,2023-01-22T13:58:39Z,950,
s3,2023-01-22T13:58:40Z,949,
s3,2023-01-22T13:58:41Z,948,
s3,2023-01-22T13:58:42Z,947,
s3,2023-01-22T13:58:43Z,946,
s3,2023-01-22T13:58:44Z,945,
s3,2023-01-22T13:58:45Z,944,
s3,2023-01-22T13:58:46Z,943,
s3,2023-01-22T13:58:47Z,943,
s3,2023-01-22T13:58:48Z,942,
s3,2023-01-22T13:58:49Z,941,
s3,2023-01-22T13:58:50Z,941,
s3,2023-01-22T13:58:51Z,941,
s3,2023-01-22T13:58:52Z,941,
s3,2023-01-22T13:58:53Z,941,
s3,2023-01-22T13:58:54Z,941,
s3,2023-01-22T13:58:55Z,941,
s3,2023-01-22T13:58:56Z,941,
s3,2023-01-22T13:58:57Z,941,
s3,2023-01-22T13:58:58Z,941,
s3,2023-01-22T13:58:59Z,941,
s3,2023-01-22T13:59:00Z,941,
s3,2023-01-22T13:59:01Z,941,
s3,2023-01-22T13:59:02Z,941,
s3,2023-01-22T13:59:03Z,941,
s3,2023-01-22T13:59:04Z,941,
s3,2023-01-22T13:59:05Z,941,
s3,2023-01-22T13:59:06Z,940,
s3,2023-01-22T13:59:07Z,940,
s3,2023-01-22T13:59:08Z,940,
s3,2023-01-22T13:59:09Z,940,
s3,2023-01-22T13:59:10Z,940,
s3,2023-01-22T13:59:11Z,940,
s3,2023-01-22T13:59:12Z,940,
s3,2023-01-22T13:59:13Z,940,
s3,2023-01-22T13:59:14Z,940,
s3,2023-01-22T13:59:15Z,940,
s3,2023-01-22T13:59:16Z,940,
s3,2023-01-22T13:59:17Z,940,
s3,2023-01-22T13:59:18Z,940,
s3,2023-01-22T13:59:19Z,940,
s3,2023-01-22T13:59:20Z,940,
s3,2023-01-22T13:59:21Z,940,
s3,2023-01-22T13:59:22Z,940,
s3,2023-01-22T13:59:23Z,940,
s3,2023-01-22T13:59:24Z,940,
s3,2023-01-22T13:59:25Z,940,
s3,2023-01-22T13:59:26Z,940,
s3,2023-01-22T13:59:27Z,940,
s3,2023-01-22T13:59:28Z,940,
s3,2023-01-22T13:59:29Z,939,
s3,2023-01-22T13:59:30Z,939,
s3,2023-01-22T13:59:31Z,939,
s3,2023-01-22T13:59:32Z,939,
s3,2023-01-22T13:59:33Z,939,
s3,2023-01-22T13:59:34Z,939,
s3,2023-01-22T13:59:35Z,939,
s3,2023-01-22T13:59:36Z,939,
s3,2023-01-22T13:59:37Z,939,
s3,2023-01-22T13:59:38Z,939,
s3,2023-01-22T13:59:39Z,939,
s3,2023-01-22T13:59:40Z,939,
s3,2023-01-22T13:59:41Z,939,
s3,2023-01-22T13:59:42Z,939,
s3,2023-01-22T13:59:43Z,939,
s3,2023-01-22T13:59:44Z,939,
s3,2023-01-22T13:59:45Z,939,
s3,2023-01-22T13:59:46Z,939,
s3,2023-01-22T13:59:47Z,939,
s3,2023-01-22T13:59:48Z,939,
s3,2023-01-22T13:59:49Z,940,
s3,2023-01-22T13:59:50Z,940,
s3,2023-01-22T13:59:51Z,940,
s3,2023-01-22T13:59:52Z,940,
s3,2023-01-22T13:59:53Z,941,
s3,2023-01-22T13:59:54Z,941,
s3,2023-01-22T13:59:55Z,941,
s3,2023-01-22T13:59:56Z,941,
s3,2023-01-22T13:59:57Z,941,
s3,2023-01-22T13:59:58Z,942,
s3,2023-01-22T13:59:59Z,942,
s3,2023-01-22T14:00:00Z,942,
s3,2023-01-22T14:00:01Z,941,
s3,2023-01-22T14:00:02Z,940,
s3,2023-01-22T14:00:03Z,940,
s3,2023-01-22T14:00:04Z,940,
s3,2023-01-22T14:00:05Z,940,
s3,2023-01-22T14:00:06Z,940,
s3,2023-01-22T14:00:07Z,940,
s3,2023-01-22T14:00:08Z,940,
s3,2023-01-22T14:00:09Z,940,
s3,2023-01-22T14:00:10Z,941,
s3,2023-01-22T14:00:11Z,943,
s3,2023-01-22T14:00:12Z,946,
s3,2023-01-22T14:00:13Z,952,
s3,2023-01-22T14:00:14Z,957,
s3,2023-01-22T14:00:15Z,961,
s3,2023-01-22T14:00:16Z,966,
s3,2023-01-22T14:00:17Z,969,
s3,2023-01-22T14:00:18Z,973,
s3,2023-01-22T14:00:19Z,976,
s3,2023-01-22T14:00:20Z,978,
s3,2023-01-22T14:00:21Z,980,
s3,2023-01-22T14:00:22Z,982,
s3,2023-01-22T14:00:23Z,984,
s3,2023-01-22T14:00:24Z,986,
s3,2023-01-22T14:00:25Z,987,
s3,2023-01-22T14:00:26Z,988,
s3,2023-01-22T14:00:27Z,989,
s3,2023-01-22T14:00:28Z,990,
s3,2023-01-22T14:00:29Z,991,
s3,2023-01-22T14:00:30Z,992,
s3,2023-01-22T14:00:31Z,993,
s3,2023-01-22T14:00:32Z,994,
s3,2023-01-22T14:00:33Z,995,
s3,2023-01-22T14:00:34Z,995,
s3,2023-01-22T14:00:35Z,996,
s3,2023-01-22T14:00:36Z,996,
s3,2023-01-22T14:00:37Z,997,
s3,2023-01-22T14:00:38Z,997,
s3,2023-01-22T14:00:39Z,997,
s3,2023-01-22T14:00:40Z,997,
s3,2023-01-22T14:00:41Z,997,
s3,2023-01-22T14:00:42Z,998,
s3,2023-01-22T14:00:43Z,998,
s3,2023-01-22T14:00:44Z,999,
s3,2023-01-22T14:00:45Z,999,
s3,2023-01-22T14:00:46Z,999,
s3,2023-01-22T14:00:47Z,999,
s3,2023-01-22T14:00:48Z,999,
s3,2023-01-22T14:00:49Z,999,
s3,2023-01-22T14:00:50Z,999,
s3,2023-01-22T14:00:51Z,999,
s3,2023-01-22T14:00:52Z,999,
s3,2023-01-22T14:00:53Z,999,
s3,2023-01-22T14:00:54Z,999,
s3,2023-01-22T14:00:55Z,999,
s3,2023-01-22T14:00:56Z,999,
s3,2023-01-22T14:00:57Z,999,
s3,2023-01-22T14:00:58Z,999,
s3,2023-01-22T14:00:59Z,1000,
s3,2023-01-22T14:01:00Z,1000,
s3,2023-01-22T14:01:01Z,1000,
s3,2023-01-22T14:01:02Z,1000,
s3,2023-01-22T14:01:03Z,1000,
s3,2023-01-22T14:01:04Z,1001,
s3,2023-01-22T14:01:05Z,1001,
s3,2023-01-22T14:01:06Z,1001,
s3,2023-01-22T14:01:07Z,1002,
s3,2023-01-22T14:01:08Z,1002,
s3,2023-01-22T14:01:09Z,1003,
s3,2023-01-22T14:01:10Z,1003,
s3,2023-01-22T14:01:11Z,1003,
s3,2023-01-22T14:01:12Z,1003,
s3,2023-01-22T14:01:13Z,1003,
s3,2023-01-22T14:01:14Z,1003,
s3,2023-01-22T14:01:15Z,1003,
s3,2023-01-22T14:01:16Z,1003,
s3,2023-01-22T14:01:17Z,1003,
s3,2023-01-22T14:01:18Z,1003,
s3,2023-01-22T14:01:19Z,1003,
s3,2023-01-22T14:01:20Z,1003,
s3,2023-01-22T14:01:21Z,1002,
s3,2023-01-22T14:01:22Z,1002,
s3,2023-01-22T14:01:23Z,1002,
s3,2023-01-22T14:01:24Z,1002,
s3,2023-01-22T14:01:25Z,1002,
s3,2023-01-22T14:01:26Z,1002,
s3,2023-01-22T14:01:27Z,1002,
s3,2023-01-22T14:01:28Z,1002,
s3,2023-01-22T14:01:29Z,1002,
s3,2023-01-22T14:01:30Z,1002,
s3,2023-01-22T14:01:31Z,1002,
s3,2023-01-22T14:01:32Z,1002,
s3,2023-01-22T14:01:33Z,1002,
s3,2023-01-22T14:01:34Z,1002,
s3,2023-01-22T14:01:35Z,1002,
s3,2023-01-22T14:01:36Z,1002,
s3,2023-01-22T14:01:37Z,1002,
s3,2023-01-22T14:01:38Z,1002,
s3,2023-01-22T14:01:39Z,1002,
s3,2023-01-22T14:01:40Z,1002,
s3,2023-01-22T14:01:41Z,1002,
s3,2023-01-22T14:01:42Z,1002,
s3,2023-01-22T14:01:43Z,1002,
s3,2023-01-22T14:01:44Z,1002,
s3,2023-01-22T14:01:45Z,1002,
s3,2023-01-22T14:01:46Z,1002,
s3,2023-01-22T14:01:47Z,1002,
s3,2023-01-22T14:01:48Z,1002,
s3,2023-01-22T14:01:49Z,1002,
s3,2023-01-22T14:01:50Z,1001,
s3,2023-01-22T14:01:51Z,999,
s3,2023-01-22T14:01:52Z,995,
s3,2023-01-22T14:01:53Z,990,
s3,2023-01-22T14:01:54Z,985,
s3,2023-01-22T14:01:55Z,980,
s3,2023-01-22T14:01:56Z,976,
s3,2023-01-22T14:01:57Z,972,
s3,2023-01-22T14:01:58Z,969,
s3,2023-01-22T14:01:59Z,966,
s3,2023-01-22T14:02:00Z,963,
s3,2023-01-22T14:02:01Z,960,
s3,2023-01-22T14:02:02Z,958,
s3,2023-01-22T14:02:03Z,956,
s3,2023-01-22T14:02:04Z,955,
s3,2023-01-22T14:02:05Z,954,
s3,2023-01-22T14:02:06Z,953,
s3,2023-01-22T14:02:07Z,952,
s3,2023-01-22T14:02:08Z,951,
s3,2023-01-22T14:02:09Z,948,
s3,2023-01-22T14:02:10Z,947,
s3,2023-01-22T14:02:11Z,946,
s3,2023-01-22T14:02:12Z,945,
s3,2023-01-22T14:02:13Z,944,
s3,2023-01-22T14:02:14Z,943,
s3,2023-01-22T14:02:15Z,943,
s3,2023-01-22T14:02:16Z,943,
s3,2023-01-22T14:02:17Z,943,
s3,2023-01-22T14:02:18Z,943,
s3,2023-01-22T14:02:19Z,943,
s3,2023-01-22T14:02:20Z,943,
s3,2023-01-22T14:02:21Z,943,
s3,2023-01-22T14:02:22Z,943,
s3,2023-01-22T14:02:23Z,942,
s3,2023-01-22T14:02:24Z,942,
s3,2023-01-22T14:02:25Z,942,
s3,2023-01-22T14:02:26Z,942,
s3,2023-01-22T14:02:27Z,942,
s3,2023-01-22T14:02:28Z,941,
s3,2023-01-22T14:02:29Z,941,
s3,2023-01-22T14:02:30Z,941,
s3,2023-01-22T14:02:31Z,941,
s3,2023-01-22T14:02:32Z,941,
s3,2023-01-22T14:02:33Z,941,
s3,2023-01-22T14:02:34Z,941,
s3,2023-01-22T14:02:35Z,941,
s3,2023-01-22T14:02:36Z,941,
s3,2023-01-22T14:02:37Z,941,
s3,2023-01-22T14:02:38Z,941,
s3,2023-01-22T14:02:39Z,941,
s3,2023-01-22T14:02:40Z,941,
s3,2023-01-22T14:02:41Z,941,
s3,2023-01-22T14:02:42Z,941,
s3,2023-01-22T14:02:43Z,941,
s3,2023-01-22T14:02:44Z,941,
s3,2023-01-22T14:02:45Z,941,
s3,2023-01-22T14:02:46Z,941,
s3,2023-01-22T14:02:47Z,941,
s3,2023-01-22T14:02:48Z,940,
s3,2023-01-22T14:02:49Z,940,
s3,2023-01-22T14:02:50Z,940,
s3,2023-01-22T14:02:51Z,940,
s3,2023-01-22T14:02:52Z,940,
s3,2023-01-22T14:02:53Z,940,
s3,2023-01-22T14:02:54Z,940,
s3,2023-01-22T14:02:55Z,940,
s3,2023-01-22T14:02:56Z,940,
s3,2023-01-22T14:02:57Z,940,
s3,2023-01-22T14:02:58Z,940,
s3,2023-01-22T14:02:59Z,941,
s3,2023-01-22T14:03:00Z,941,
s3,2023-01-22T14:03:01Z,941,
s3,2023-01-22T14:03:02Z,941,
s3,2023-01-22T14:03:03Z,941,
s3,2023-01-22T14:03:04Z,941,
s3,2023-01-22T14:03:05Z,941,
s3,2023-01-22T14:03:06Z,941,
s3,2023-01-22T14:03:07Z,941,
s3,2023-01-22T14:03:08Z,941,
s3,2023-01-22T14:03:09Z,940,
s3,2023-01-22T14:03:10Z,940,
s3,2023-01-22T14:03:11Z,939,
s3,2023-01-22T14:03:12Z,939,
s3,2023-01-22T14:03:13Z,939,
s3,2023-01-22T14:03:14Z,939,
s3,2023-01-22T14:03:15Z,939,
s3,2023-01-22T14:03:16Z,939,
s3,2023-01-22T14:03:17Z,939,
s3,2023-01-22T14:03:18Z,939,
s3,2023-01-22T14:03:19Z,939,
s3,2023-01-22T14:03:20Z,939,
s3,2023-01-22T14:03:21Z,939,
s3,2023-01-22T14:03:22Z,940,
s3,2023-01-22T14:03:23Z,941,
s3,2023-01-22T14:03:24Z,944,
s3,2023-01-22T14:03:25Z,947,
s3,2023-01-22T14:03:26Z,949,
s3,2023-01-22T14:03:27Z,951,
s3,2023-01-22T14:03:28Z,952,
s3,2023-01-22T14:03:29Z,952,
s3,2023-01-22T14:03:30Z,953,
s3,2023-01-22T14:03:31Z,954,
s3,2023-01-22T14:03:32Z,954,
s3,2023-01-22T14:03:33Z,954,
s3,2023-01-22T14:03:34Z,954,
s3,2023-01-22T14:03:35Z,955,
s3,2023-01-22T14:03:36Z,955,
s3,2023-01-22T14:03:37Z,955,
s3,2023-01-22T14:03:38Z,955,
s3,2023-01-22T14:03:39Z,956,
s3,2023-01-22T14:03:40Z,957,
s3,2023-01-22T14:03:41Z,957,
s3,2023-01-22T14:03:42Z,957,
s3,2023-01-22T14:03:43Z,957,
s3,2023-01-22T14:03:44Z,957,
s3,2023-01-22T14:03:45Z,957,
s3,2023-01-22T14:03:46Z,957,
s3,2023-01-22T14:03:47Z,957,
s3,2023-01-22T14:03:48Z,957,
s3,2023-01-22T14:03:49Z,957,
s3,2023-01-22T14:03:50Z,957,
s3,2023-01-22T14:03:51Z,957,
s3,2023-01-22T14:03:52Z,957,
s3,2023-01-22T14:03:53Z,958,
s3,2023-01-22T14:03:54Z,959,
s3,2023-01-22T14:03:55Z,959,
s3,2023-01-22T14:03:56Z,959,
s3,2023-01-22T14:03:57Z,959,
s3,2023-01-22T14:03:58Z,959,
s3,2023-01-22T14:03:59Z,959,
s3,2023-01-22T14:04:00Z,960,
s3,2023-01-22T14:04:01Z,960,
s3,2023-01-22T14:04:02Z,961,
s3,2023-01-22T14:04:03Z,961,
s3,2023-01-22T14:04:04Z,961,
s3,2023-01-22T14:04:05Z,961,
s3,2023-01-22T14:04:06Z,961,
s3,2023-01-22T14:04:07Z,962,
s3,2023-01-22T14:04:08Z,963,
s3,2023-01-22T14:04:09Z,963,
s3,2023-01-22T14:04:10Z,964,
s3,2023-01-22T14:04:11Z,964,
s3,2023-01-22T14:04:12Z,964,
s3,2023-01-22T14:04:13Z,964,
s3,2023-01-22T14:04:14Z,964,
s3,2023-01-22T14:04:15Z,964,
s3,2023-01-22T14:04:16Z,964,
s3,2023-01-22T14:04:17Z,964,
s3,2023-01-22T14:04:18Z,964,
s3,2023-01-22T14:04:19Z,964,
s3,2023-01-22T14:04:20Z,964,
s3,2023-01-22T14:04:21Z,964,
s3,2023-01-22T14:04:22Z,964,
s3,2023-01-22T14:04:23Z,964,
s3,2023-01-22T14:04:24Z,963,
s3,2023-01-22T14:04:25Z,963,
s3,2023-01-22T14:04:26Z,963,
s3,2023-01-22T14:04:27Z,963,
s3,2023-01-22T14:04:28Z,963,
s3,2023-01-22T14:04:29Z,963,
s3,2023-01-22T14:04:30Z,963,
s3,2023-01-22T14:04:31Z,963,
s3,2023-01-22T14:04:32Z,963,
s3,2023-01-22T14:04:33Z,963,
s3,2023-01-22T14:04:34Z,963,
s3,2023-01-22T14:04:35Z,963,
s3,2023-01-22T14:04:36Z,963,
s3,2023-01-22T14:04:37Z,963,
s3,2023-01-22T14:04:38Z,963,
s3,2023-01-22T14:04:39Z,963,
s3,2023-01-22T14:04:40Z,963,
s3,2023-01-22T14:04:41Z,963,
s3,2023-01-22T14:04:42Z,963,
s3,2023-01-22T14:04:43Z,963,
s3,2023-01-22T14:04:44Z,963,
s3,2023-01-22T14:04:45Z,963,
s3,2023-01-22T14:04:46Z,963,
s3,2023-01-22T14:04:47Z,963,
s3,2023-01-22T14:04:48Z,963,
s3,2023-01-22T14:04:49Z,963,
s3,2023-01-22T14:04:50Z,963,
s3,2023-01-22T14:04:51Z,963,
s3,2023-01-22T14:04:52Z,963,
s3,2023-01-22T14:04:53Z,963,
s3,2023-01-22T14:04:54Z,963,
s3,2023-01-22T14:04:55Z,963,
s3,2023-01-22T14:04:56Z,963,
s3,2023-01-22T14:04:57Z,963,
s3,2023-01-22T14:04:58Z,963,
s3,2023-01-22T14:04:59Z,964,
s3,2023-01-22T14:05:00Z,965,
s3,2023-01-22T14:05:01Z,966,
s3,2023-01-22T14:05:02Z,967,
s3,2023-01-22T14:05:03Z,968,
s3,2023-01-22T14:05:04Z,968,
s3,2023-01-22T14:05:05Z,969,
s3,2023-01-22T14:05:06Z,969,
s3,2023-01-22T14:05:07Z,969,
s3,2023-01-22T14:05:08Z,969,
s3,2023-01-22T14:05:09Z,969,
s3,2023-01-22T14:05:10Z,969,
s3,2023-01-22T14:05:11Z,969,
s3,2023-01-22T14:05:12Z,969,
s3,2023-01-22T14:05:13Z,969,
s3,2023-01-22T14:05:14Z,969,
s3,2023-01-22T14:05:15Z,969,
s3,2023-01-22T14:05:16Z,969,
s3,2023-01-22T14:05:17Z,969,
s3,2023-01-22T14:05:18Z,969,
s3,2023-01-22T14:05:19Z,969,
s3,2023-01-22T14:05:20Z,969,
s3,2023-01-22T14:05:21Z,969,
s3,2023-01-22T14:05:22Z,968,
s3,2023-01-22T14:05:23Z,967,
s3,2023-01-22T14:05:24Z,966,
s3,2023-01-22T14:05:25Z,964,
s3,2023-01-22T14:05:26Z,963,
s3,2023-01-22T14:05:27Z,961,
s3,2023-01-22T14:05:28Z,960,
s3,2023-01-22T14:05:29Z,959,
s3,2023-01-22T14:05:30Z,958,
s3,2023-01-22T14:05:31Z,958,
s3,2023-01-22T14:05:32Z,958,
s3,2023-01-22T14:05:33Z,958,
s3,2023-01-22T14:05:34Z,958,
s3,2023-01-22T14:05:35Z,958,
s3,2023-01-22T14:05:36Z,958,
s3,2023-01-22T14:05:37Z,958,
s3,2023-01-22T14:05:38Z,958,
s3,2023-01-22T14:05:39Z,958,
s3,2023-01-22T14:05:40Z,958,
s3,2023-01-22T14:05:41Z,958,
s3,2023-01-22T14:05:42Z,958,
s3,2023-01-22T14:05:43Z,958,
s3,2023-01-22T14:05:44Z,958,
s3,2023-01-22T14:05:45Z,958,
s3,2023-01-22T14:05:46Z,958,
s3,2023-01-22T14:05:47Z,958,
s3,2023-01-22T14:05:48Z,958,
s3,2023-01-22T14:05:49Z,958,
s3,2023-01-22T14:05:50Z,958,
s3,2023-01-22T14:05:51Z,958,
s3,2023-01-22T14:05:52Z,958,
s3,2023-01-22T14:05:53Z,959,
s3,2023-01-22T14:05:54Z,959,
s3,2023-01-22T14:05:55Z,959,
s3,2023-01-22T14:05:56Z,959,
s3,2023-01-22T14:05:57Z,959,
s3,2023-01-22T14:05:58Z,958,
s3,2023-01-22T14:05:59Z,958,
s3,2023-01-22T14:06:00Z,958,
s3,2023-01-22T14:06:01Z,958,
s3,2023-01-22T14:06:02Z,958,
s3,2023-01-22T14:06:03Z,958,
s3,2023-01-22T14:06:04Z,958,
s3,2023-01-22T14:06:05Z,958,
s3,2023-01-22T14:06:06Z,958,
s3,2023-01-22T14:06:07Z,958,
s3,2023-01-22T14:06:08Z,958,
s3,2023-01-22T14:06:09Z,958,
s3,2023-01-22T14:06:10Z,958,
s3,2023-01-22T14:06:11Z,958,
s3,2023-01-22T14:06:12Z,958,
s3,2023-01-22T14:06:13Z,958,
s3,2023-01-22T14:06:14Z,958,
s3,2023-01-22T14:06:15Z,958,
s3,2023-01-22T14:06:16Z,958,
s3,2023-01-22T14:06:17Z,958,
s3,2023-01-22T14:06:18Z,958,
s3,2023-01-22T14:06:19Z,958,
s3,2023-01-22T14:06:20Z,958,
s3,2023-01-22T14:06:21Z,958,
s3,2023-01-22T14:06:22Z,958,
s3,2023-01-22T14:06:23Z,957,
s3,2023-01-22T14:06:24Z,957,
s3,2023-01-22T14:06:25Z,957,
s3,2023-01-22T14:06:26Z,957,
s3,2023-01-22T14:06:27Z,957,
s3,2023-01-22T14:06:28Z,957,
s3,2023-01-22T14:06:29Z,957,
s3,2023-01-22T14:06:30Z,957,
s3,2023-01-22T14:06:31Z,957,
s3,2023-01-22T14:06:32Z,958,
s3,2023-01-22T14:06:33Z,958,
s3,2023-01-22T14:06:34Z,958,
s3,2023-01-22T14:06:35Z,958,
s3,2023-01-22T14:06:36Z,958,
s3,2023-01-22T14:06:37Z,956,
s3,2023-01-22T14:06:38Z,955,
s3,2023-01-22T14:06:39Z,953,
s3,2023-01-22T14:06:40Z,951,
s3,2023-01-22T14:06:41Z,950,
s3,2023-01-22T14:06:42Z,949,
s3,2023-01-22T14:06:43Z,948,
s3,2023-01-22T14:06:44Z,947,
s3,2023-01-22T14:06:45Z,946,
s4,2023-01-22T13:57:01Z,880,
s4,2023-01-22T13:57:02Z,888,
s4,2023-01-22T13:57:03Z,896,
s4,2023-01-22T13:57:04Z,903,
s4,2023-01-22T13:57:05Z,909,
s4,2023-01-22T13:57:06Z,915,
s4,2023-01-22T13:57:07Z,920,
s4,2023-01-22T13:57:08Z,925,
s4,2023-01-22T13:57:09Z,929,
s4,2023-01-22T13:57:10Z,933,
s4,2023-01-22T13:57:11Z,936,
s4,2023-01-22T13:57:12Z,939,
s4,2023-01-22T13:57:13Z,942,
s4,2023-01-22T13:57:14Z,944,
s4,2023-01-22T13:57:15Z,946,
s4,2023-01-22T13:57:16Z,948,
s4,2023-01-22T13:57:17Z,950,
s4,2023-01-22T13:57:18Z,952,
s4,2023-01-22T13:57:19Z,953,
s4,2023-01-22T13:57:20Z,954,
s4,2023-01-22T13:57:21Z,955,
s4,2023-01-22T13:57:22Z,957,
s4,2023-01-22T13:57:23Z,958,
s4,2023-01-22T13:57:24Z,959,
s4,2023-01-22T13:57:25Z,959,
s4,2023-01-22T13:57:26Z,960,
s4,2023-01-22T13:57:27Z,960,
s4,2023-01-22T13:57:28Z,960,
s4,2023-01-22T13:57:29Z,962,
s4,2023-01-22T13:57:30Z,962,
s4,2023-01-22T13:57:31Z,962,
s4,2023-01-22T13:57:32Z,962,
s4,2023-01-22T13:57:33Z,962,
s4,2023-01-22T13:57:34Z,962,
s4,2023-01-22T13:57:35Z,962,
s4,2023-01-22T13:57:36Z,962,
s4,2023-01-22T13:57:37Z,962,
s4,2023-01-22T13:57:38Z,962,
s4,2023-01-22T13:57:39Z,962,
s4,2023-01-22T13:57:40Z,962,
s4,2023-01-22T13:57:41Z,962,
s4,2023-01-22T13:57:42Z,962,
s4,2023-01-22T13:57:43Z,963,
s4,2023-01-22T13:57:44Z,963,
s4,2023-01-22T13:57:45Z,964,
s4,2023-01-22T13:57:46Z,964,
s4,2023-01-22T13:57:47Z,964,
s4,2023-01-22T13:57:48Z,964,
s4,2023-01-22T13:57:49Z,964,
s4,2023-01-22T13:57:50Z,964,
s4,2023-01-22T13:57:51Z,964,
s4,2023-01-22T13:57:52Z,964,
s4,2023-01-22T13:57:53Z,964,
s4,2023-01-22T13:57:54Z,964,
s4,2023-01-22T13:57:55Z,964,
s4,2023-01-22T13:57:56Z,964,
s4,2023-01-22T13:57:57Z,964,
s4,2023-01-22T13:57:58Z,964,
s4,2023-01-22T13:57:59Z,964,
s4,2023-01-22T13:58:00Z,964,
s4,2023-01-22T13:58:01Z,964,
s4,2023-01-22T13:58:02Z,964,
s4,2023-01-22T13:58:03Z,964,
s4,2023-01-22T13:58:04Z,964,
s4,2023-01-22T13:58:05Z,964,
s4,2023-01-22T13:58:06Z,964,
s4,2023-01-22T13:58:07Z,964,
s4,2023-01-22T13:58:08Z,964,
s4,2023-01-22T13:58:09Z,964,
s4,2023-01-22T13:58:10Z,965,
s4,2023-01-22T13:58:11Z,965,
s4,2023-01-22T13:58:12Z,965,
s4,2023-01-22T13:58:13Z,965,
s4,2023-01-22T13:58:14Z,965,
s4,2023-01-22T13:58:15Z,965,
s4,2023-01-22T13:58:16Z,965,
s4,2023-01-22T13:58:17Z,965,
s4,2023-01-22T13:58:18Z,965,
s4,2023-01-22T13:58:19Z,965,
s4,2023-01-22T13:58:20Z,965,
s4,2023-01-22T13:58:21Z,965,
s4,2023-01-22T13:58:22Z,965,
s4,2023-01-22T13:58:23Z,965,
s4,2023-01-22T13:58:24Z,965,
s4,2023-01-22T13:58:25Z,965,
s4,2023-01-22T13:58:26Z,965,
s4,2023-01-22T13:58:27Z,965,
s4,2023-01-22T13:58:28Z,965,
s4,2023-01-22T13:58:29Z,965,
s4,2023-01-22T13:58:30Z,965,
s4,2023-01-22T13:58:31Z,966,
s4,2023-01-22T13:58:32Z,967,
s4,2023-01-22T13:58:33Z,968,
s4,2023-01-22T13:58:34Z,970,
s4,2023-01-22T13:58:35Z,973,
s4,2023-01-22T13:58:36Z,975,
s4,2023-01-22T13:58:37Z,977,
s4,2023-01-22T13:58:38Z,979,
s4,2023-01-22T13:58:39Z,980,
s4,2023-01-22T13:58:40Z,981,
s4,2023-01-22T13:58:41Z,982,
s4,2023-01-22T13:58:42Z,984,
s4,2023-01-22T13:58:43Z,985,
s4,2023-01-22T13:58:44Z,986,
s4,2023-01-22T13:58:45Z,986,
s4,2023-01-22T13:58:46Z,987,
s4,2023-01-22T13:58:47Z,988,
s4,2023-01-22T13:58:48Z,988,
s4,2023-01-22T13:58:49Z,988,
s4,2023-01-22T13:58:50Z,989,
s4,2023-01-22T13:58:51Z,989,
s4,2023-01-22T13:58:52Z,989,
s4,2023-01-22T13:58:53Z,989,
s4,2023-01-22T13:58:54Z,989,
s4,2023-01-22T13:58:55Z,989,
s4,2023-01-22T13:58:56Z,990,
s4,2023-01-22T13:58:57Z,990,
s4,2023-01-22T13:58:58Z,991,
s4,2023-01-22T13:58:59Z,991,
s4,2023-01-22T13:59:00Z,991,
s4,2023-01-22T13:59:01Z,991,
s4,2023-01-22T13:59:02Z,991,
s4,2023-01-22T13:59:03Z,991,
s4,2023-01-22T13:59:04Z,991,
s4,2023-01-22T13:59:05Z,991,
s4,2023-01-22T13:59:06Z,991,
s4,2023-01-22T13:59:07Z,991,
s4,2023-01-22T13:59:08Z,991,
s4,2023-01-22T13:59:09Z,991,
s4,2023-01-22T13:59:10Z,991,
s4,2023-01-22T13:59:11Z,991,
s4,2023-01-22T13:59:12Z,991,
s4,2023-01-22T13:59:13Z,991,
s4,2023-01-22T13:59:14Z,991,
s4,2023-01-22T13:59:15Z,991,
s4,2023-01-22T13:59:16Z,991,
s4,2023-01-22T13:59:17Z,991,
s4,2023-01-22T13:59:18Z,991,
s4,2023-01-22T13:59:19Z,991,
s4,2023-01-22T13:59:20Z,991,
s4,2023-01-22T13:59:21Z,991,
s4,2023-01-22T13:59:22Z,992,
s4,2023-01-22T13:59:23Z,992,
s4,2023-01-22T13:59:24Z,992,
s4,2023-01-22T13:59:25Z,992,
s4,2023-01-22T13:59:26Z,992,
s4,2023-01-22T13:59:27Z,992,
s4,2023-01-22T13:59:28Z,992,
s4,2023-01-22T13:59:29Z,992,
s4,2023-01-22T13:59:30Z,992,
s4,2023-01-22T13:59:31Z,992,
s4,2023-01-22T13:59:32Z,992,
s4,2023-01-22T13:59:33Z,992,
s4,2023-01-22T13:59:34Z,992,
s4,2023-01-22T13:59:35Z,991,
s4,2023-01-22T13:59:36Z,991,
s4,2023-01-22T13:59:37Z,991,
s4,2023-01-22T13:59:38Z,991,
s4,2023-01-22T13:59:39Z,991,
s4,2023-01-22T13:59:40Z,991,
s4,2023-01-22T13:59:41Z,992,
s4,2023-01-22T13:59:42Z,992,
s4,2023-01-22T13:59:43Z,992,
s4,2023-01-22T13:59:44Z,992,
s4,2023-01-22T13:59:45Z,992,
s4,2023-01-22T13:59:46Z,992,
s4,2023-01-22T13:59:47Z,992,
s4,2023-01-22T13:59:48Z,992,
s4,2023-01-22T13:59:49Z,993,
s4,2023-01-22T13:59:50Z,993,
s4,2023-01-22T13:59:51Z,993,
s4,2023-01-22T13:59:52Z,993,
s4,2023-01-22T13:59:53Z,993,
s4,2023-01-22T13:59:54Z,993,
s4,2023-01-22T13:59:55Z,993,
s4,2023-01-22T13:59:56Z,993,
s4,2023-01-22T13:59:57Z,993,
s4,2023-01-22T13:59:58Z,993,
s4,2023-01-22T13:59:59Z,993,
s4,2023-01-22T14:00:00Z,993,
s4,2023-01-22T14:00:01Z,993,
s4,2023-01-22T14:00:02Z,993,
s4,2023-01-22T14:00:03Z,993,
s4,2023-01-22T14:00:04Z,993,
s4,2023-01-22T14:00:05Z,993,
s4,2023-01-22T14:00:06Z,993,
s4,2023-01-22T14:00:07Z,993,
s4,2023-01-22T14:00:08Z,993,
s4,2023-01-22T14:00:09Z,993,
s4,2023-01-22T14:00:10Z,992,
s4,2023-01-22T14:00:11Z,990,
s4,2023-01-22T14:00:12Z,986,
s4,2023-01-22T14:00:13Z,981,
s4,2023-01-22T14:00:14Z,974,
s4,2023-01-22T14:00:15Z,969,
s4,2023-01-22T14:00:16Z,964,
s4,2023-01-22T14:00:17Z,959,
s4,2023-01-22T14:00:18Z,955,
s4,2023-01-22T14:00:19Z,951,
s4,2023-01-22T14:00:20Z,948,
s4,2023-01-22T14:00:21Z,945,
s4,2023-01-22T14:00:22Z,942,
s4,2023-01-22T14:00:23Z,940,
s4,2023-01-22T14:00:24Z,938,
s4,2023-01-22T14:00:25Z,936,
s4,2023-01-22T14:00:26Z,934,
s4,2023-01-22T14:00:27Z,932,
s4,2023-01-22T14:00:28Z,930,
s4,2023-01-22T14:00:29Z,929,
s4,2023-01-22T14:00:30Z,928,
s4,2023-01-22T14:00:31Z,927,
s4,2023-01-22T14:00:32Z,926,
s4,2023-01-22T14:00:33Z,925,
s4,2023-01-22T14:00:34Z,924,
s4,2023-01-22T14:00:35Z,923,
s4,2023-01-22T14:00:36Z,923,
s4,2023-01-22T14:00:37Z,922,
s4,2023-01-22T14:00:38Z,921,
s4,2023-01-22T14:00:39Z,920,
s4,2023-01-22T14:00:40Z,920,
s4,2023-01-22T14:00:41Z,920,
s4,2023-01-22T14:00:42Z,919,
s4,2023-01-22T14:00:43Z,919,
s4,2023-01-22T14:00:44Z,919,
s4,2023-01-22T14:00:45Z,919,
s4,2023-01-22T14:00:46Z,919,
s4,2023-01-22T14:00:47Z,918,
s4,2023-01-22T14:00:48Z,918,
s4,2023-01-22T14:00:49Z,918,
s4,2023-01-22T14:00:50Z,918,
s4,2023-01-22T14:00:51Z,918,
s4,2023-01-22T14:00:52Z,918,
s4,2023-01-22T14:00:53Z,918,
s4,2023-01-22T14:00:54Z,918,
s4,2023-01-22T14:00:55Z,918,
s4,2023-01-22T14:00:56Z,918,
s4,2023-01-22T14:00:57Z,918,
s4,2023-01-22T14:00:58Z,918,
s4,2023-01-22T14:00:59Z,918,
s4,2023-01-22T14:01:00Z,918,
s4,2023-01-22T14:01:01Z,918,
s4,2023-01-22T14:01:02Z,918,
s4,2023-01-22T14:01:03Z,918,
s4,2023-01-22T14:01:04Z,918,
s4,2023-01-22T14:01:05Z,918,
s4,2023-01-22T14:01:06Z,918,
s4,2023-01-22T14:01:07Z,918,
s4,2023-01-22T14:01:08Z,918,
s4,2023-01-22T14:01:09Z,918,
s4,2023-01-22T14:01:10Z,918,
s4,2023-01-22T14:01:11Z,918,
s4,2023-01-22T14:01:12Z,918,
s4,2023-01-22T14:01:13Z,918,
s4,2023-01-22T14:01:14Z,918,
s4,2023-01-22T14:01:15Z,918,
s4,2023-01-22T14:01:16Z,917,
s4,2023-01-22T14:01:17Z,917,
s4,2023-01-22T14:01:18Z,917,
s4,2023-01-22T14:01:19Z,917,
s4,2023-01-22T14:01:20Z,917,
s4,2023-01-22T14:01:21Z,917,
s4,2023-01-22T14:01:22Z,917,
s4,2023-01-22T14:01:23Z,917,
s4,2023-01-22T14:01:24Z,917,
s4,2023-01-22T14:01:25Z,918,
s4,2023-01-22T14:01:26Z,917,
s4,2023-01-22T14:01:27Z,917,
s4,2023-01-22T14:01:28Z,917,
s4,2023-01-22T14:01:29Z,917,
s4,2023-01-22T14:01:30Z,917,
s4,2023-01-22T14:01:31Z,917,
s4,2023-01-22T14:01:32Z,917,
s4,2023-01-22T14:01:33Z,917,
s4,2023-01-22T14:01:34Z,917,
s4,2023-01-22T14:01:35Z,917,
s4,2023-01-22T14:01:36Z,917,
s4,2023-01-22T14:01:37Z,917,
s4,2023-01-22T14:01:38Z,917,
s4,2023-01-22T14:01:39Z,917,
s4,2023-01-22T14:01:40Z,917,
s4,2023-01-22T14:01:41Z,917,
s4,2023-01-22T14:01:42Z,917,
s4,2023-01-22T14:01:43Z,917,
s4,2023-01-22T14:01:44Z,917,
s4,2023-01-22T14:01:45Z,917,
s4,2023-01-22T14:01:46Z,917,
s4,2023-01-22T14:01:47Z,917,
s4,2023-01-22T14:01:48Z,917,
s4,2023-01-22T14:01:49Z,917,
s4,2023-01-22T14:01:50Z,918,
s4,2023-01-22T14:01:51Z,919,
s4,2023-01-22T14:01:52Z,920,
s4,2023-01-22T14:01:53Z,921,
s4,2023-01-22T14:01:54Z,923,
s4,2023-01-22T14:01:55Z,924,
s4,2023-01-22T14:01:56Z,924,
s4,2023-01-22T14:01:57Z,924,
s4,2023-01-22T14:01:58Z,924,
s4,2023-01-22T14:01:59Z,924,
s4,2023-01-22T14:02:00Z,924,
s4,2023-01-22T14:02:01Z,924,
s4,2023-01-22T14:02:02Z,924,
s4,2023-01-22T14:02:03Z,924,
s4,2023-01-22T14:02:04Z,924,
s4,2023-01-22T14:02:05Z,924,
s4,2023-01-22T14:02:06Z,924,
s4,2023-01-22T14:02:07Z,924,
s4,2023-01-22T14:02:08Z,924,
s4,2023-01-22T14:02:09Z,925,
s4,2023-01-22T14:02:10Z,925,
s4,2023-01-22T14:02:11Z,925,
s4,2023-01-22T14:02:12Z,925,
s4,2023-01-22T14:02:13Z,925,
s4,2023-01-22T14:02:14Z,925,
s4,2023-01-22T14:02:15Z,925,
s4,2023-01-22T14:02:16Z,925,
s4,2023-01-22T14:02:17Z,925,
s4,2023-01-22T14:02:18Z,926,
s4,2023-01-22T14:02:19Z,926,
s4,2023-01-22T14:02:20Z,926,
s4,2023-01-22T14:02:21Z,926,
s4,2023-01-22T14:02:22Z,926,
s4,2023-01-22T14:02:23Z,926,
s4,2023-01-22T14:02:24Z,926,
s4,2023-01-22T14:02:25Z,926,
s4,2023-01-22T14:02:26Z,926,
s4,2023-01-22T14:02:27Z,926,
s4,2023-01-22T14:02:28Z,926,
s4,2023-01-22T14:02:29Z,926,
s4,2023-01-22T14:02:30Z,926,
s4,2023-01-22T14:02:31Z,926,
s4,2023-01-22T14:02:32Z,926,
s4,2023-01-22T14:02:33Z,926,
s4,2023-01-22T14:02:34Z,926,
s4,2023-01-22T14:02:35Z,926,
s4,2023-01-22T14:02:36Z,926,
s4,2023-01-22T14:02:37Z,926,
s4,2023-01-22T14:02:38Z,926,
s4,2023-01-22T14:02:39Z,926,
s4,2023-01-22T14:02:40Z,926,
s4,2023-01-22T14:02:41Z,925,
s4,2023-01-22T14:02:42Z,925,
s4,2023-01-22T14:02:43Z,925,
s4,2023-01-22T14:02:44Z,925,
s4,2023-01-22T14:02:45Z,925,
s4,2023-01-22T14:02:46Z,925,
s4,2023-01-22T14:02:47Z,925,
s4,2023-01-22T14:02:48Z,925,
s4,2023-01-22T14:02:49Z,925,
s4,2023-01-22T14:02:50Z,925,
s4,2023-01-22T14:02:51Z,925,
s4,2023-01-22T14:02:52Z,925,
s4,2023-01-22T14:02:53Z,925,
s4,2023-01-22T14:02:54Z,925,
s4,2023-01-22T14:02:55Z,925,
s4,2023-01-22T14:02:56Z,925,
s4,2023-01-22T14:02:57Z,925,
s4,2023-01-22T14:02:58Z,925,
s4,2023-01-22T14:02:59Z,925,
s4,2023-01-22T14:03:00Z,925,
s4,2023-01-22T14:03:01Z,925,
s4,2023-01-22T14:03:02Z,925,
s4,2023-01-22T14:03:03Z,925,
s4,2023-01-22T14:03:04Z,925,
s4,2023-01-22T14:03:05Z,925,
s4,2023-01-22T14:03:06Z,925,
s4,2023-01-22T14:03:07Z,925,
s4,2023-01-22T14:03:08Z,925,
s4,2023-01-22T14:03:09Z,925,
s4,2023-01-22T14:03:10Z,925,
s4,2023-01-22T14:03:11Z,924,
s4,2023-01-22T14:03:12Z,924,
s4,2023-01-22T14:03:13Z,924,
s4,2023-01-22T14:03:14Z,924,
s4,2023-01-22T14:03:15Z,924,
s4,2023-01-22T14:03:16Z,924,
s4,2023-01-22T14:03:17Z,925,
s4,2023-01-22T14:03:18Z,925,
s4,2023-01-22T14:03:19Z,925,
s4,2023-01-22T14:03:20Z,925,
s4,2023-01-22T14:03:21Z,925,
s4,2023-01-22T14:03:22Z,926,
s4,2023-01-22T14:03:23Z,929,
s4,2023-01-22T14:03:24Z,932,
s4,2023-01-22T14:03:25Z,936,
s4,2023-01-22T14:03:26Z,939,
s4,2023-01-22T14:03:27Z,941,
s4,2023-01-22T14:03:28Z,942,
s4,2023-01-22T14:03:29Z,943,
s4,2023-01-22T14:03:30Z,944,
s4,2023-01-22T14:03:31Z,945,
s4,2023-01-22T14:03:32Z,946,
s4,2023-01-22T14:03:33Z,946,
s4,2023-01-22T14:03:34Z,947,
s4,2023-01-22T14:03:35Z,948,
s4,2023-01-22T14:03:36Z,949,
s4,2023-01-22T14:03:37Z,949,
s4,2023-01-22T14:03:38Z,950,
s4,2023-01-22T14:03:39Z,951,
s4,2023-01-22T14:03:40Z,951,
s4,2023-01-22T14:03:41Z,951,
s4,2023-01-22T14:03:42Z,951,
s4,2023-01-22T14:03:43Z,952,
s4,2023-01-22T14:03:44Z,952,
s4,2023-01-22T14:03:45Z,952,
s4,2023-01-22T14:03:46Z,952,
s4,2023-01-22T14:03:47Z,952,
s4,2023-01-22T14:03:48Z,952,
s4,2023-01-22T14:03:49Z,952,
s4,2023-01-22T14:03:50Z,953,
s4,2023-01-22T14:03:51Z,953,
s4,2023-01-22T14:03:52Z,953,
s4,2023-01-22T14:03:53Z,953,
s4,2023-01-22T14:03:54Z,953,
s4,2023-01-22T14:03:55Z,953,
s4,2023-01-22T14:03:56Z,953,
s4,2023-01-22T14:03:57Z,953,
s4,2023-01-22T14:03:58Z,953,
s4,2023-01-22T14:03:59Z,953,
s4,2023-01-22T14:04:00Z,953,
s4,2023-01-22T14:04:01Z,953,
s4,2023-01-22T14:04:02Z,953,
s4,2023-01-22T14:04:03Z,953,
s4,2023-01-22T14:04:04Z,953,
s4,2023-01-22T14:04:05Z,953,
s4,2023-01-22T14:04:06Z,953,
s4,2023-01-22T14:04:07Z,953,
s4,2023-01-22T14:04:08Z,953,
s4,2023-01-22T14:04:09Z,954,
s4,2023-01-22T14:04:10Z,955,
s4,2023-01-22T14:04:11Z,956,
s4,2023-01-22T14:04:12Z,956,
s4,2023-01-22T14:04:13Z,956,
s4,2023-01-22T14:04:14Z,956,
s4,2023-01-22T14:04:15Z,956,
s4,2023-01-22T14:04:16Z,956,
s4,2023-01-22T14:04:17Z,956,
s4,2023-01-22T14:04:18Z,956,
s4,2023-01-22T14:04:19Z,956,
s4,2023-01-22T14:04:20Z,956,
s4,2023-01-22T14:04:21Z,956,
s4,2023-01-22T14:04:22Z,956,
s4,2023-01-22T14:04:23Z,956,
s4,2023-01-22T14:04:24Z,956,
s4,2023-01-22T14:04:25Z,956,
s4,2023-01-22T14:04:26Z,956,
s4,2023-01-22T14:04:27Z,956,
s4,2023-01-22T14:04:28Z,956,
s4,2023-01-22T14:04:29Z,956,
s4,2023-01-22T14:04:30Z,956,
s4,2023-01-22T14:04:31Z,956,
s4,2023-01-22T14:04:32Z,956,
s4,2023-01-22T14:04:33Z,956,
s4,2023-01-22T14:04:34Z,956,
s4,2023-01-22T14:04:35Z,956,
s4,2023-01-22T14:04:36Z,956,
s4,2023-01-22T14:04:37Z,956,
s4,2023-01-22T14:04:38Z,956,
s4,2023-01-22T14:04:39Z,956,
s4,2023-01-22T14:04:40Z,957,
s4,2023-01-22T14:04:41Z,957,
s4,2023-01-22T14:04:42Z,957,
s4,2023-01-22T14:04:43Z,957,
s4,2023-01-22T14:04:44Z,957,
s4,2023-01-22T14:04:45Z,957,
s4,2023-01-22T14:04:46Z,957,
s4,2023-01-22T14:04:47Z,957,
s4,2023-01-22T14:04:48Z,957,
s4,2023-01-22T14:04:49Z,957,
s4,2023-01-22T14:04:50Z,957,
s4,2023-01-22T14:04:51Z,957,
s4,2023-01-22T14:04:52Z,957,
s4,2023-01-22T14:04:53Z,957,
s4,2023-01-22T14:04:54Z,957,
s4,2023-01-22T14:04:55Z,957,
s4,2023-01-22T14:04:56Z,957,
s4,2023-01-22T14:04:57Z,957,
s4,2023-01-22T14:04:58Z,957,
s4,2023-01-22T14:04:59Z,958,
s4,2023-01-22T14:05:00Z,959,
s4,2023-01-22T14:05:01Z,960,
s4,2023-01-22T14:05:02Z,960,
s4,2023-01-22T14:05:03Z,961,
s4,2023-01-22T14:05:04Z,961,
s4,2023-01-22T14:05:05Z,961,
s4,2023-01-22T14:05:06Z,961,
s4,2023-01-22T14:05:07Z,961,
s4,2023-01-22T14:05:08Z,961,
s4,2023-01-22T14:05:09Z,961,
s4,2023-01-22T14:05:10Z,961,
s4,2023-01-22T14:05:11Z,961,
s4,2023-01-22T14:05:12Z,961,
s4,2023-01-22T14:05:13Z,961,
s4,2023-01-22T14:05:14Z,961,
s4,2023-01-22T14:05:15Z,961,
s4,2023-01-22T14:05:16Z,961,
s4,2023-01-22T14:05:17Z,961,
s4,2023-01-22T14:05:18Z,961,
s4,2023-01-22T14:05:19Z,961,
s4,2023-01-22T14:05:20Z,962,
s4,2023-01-22T14:05:21Z,962,
s4,2023-01-22T14:05:22Z,961,
s4,2023-01-22T14:05:23Z,960,
s4,2023-01-22T14:05:24Z,959,
s4,2023-01-22T14:05:25Z,957,
s4,2023-01-22T14:05:26Z,957,
s4,2023-01-22T14:05:27Z,956,
s4,2023-01-22T14:05:28Z,955,
s4,2023-01-22T14:05:29Z,954,
s4,2023-01-22T14:05:30Z,954,
s4,2023-01-22T14:05:31Z,953,
s4,2023-01-22T14:05:32Z,953,
s4,2023-01-22T14:05:33Z,953,
s4,2023-01-22T14:05:34Z,953,
s4,2023-01-22T14:05:35Z,954,
s4,2023-01-22T14:05:36Z,954,
s4,2023-01-22T14:05:37Z,954,
s4,2023-01-22T14:05:38Z,954,
s4,2023-01-22T14:05:39Z,954,
s4,2023-01-22T14:05:40Z,954,
s4,2023-01-22T14:05:41Z,954,
s4,2023-01-22T14:05:42Z,955,
s4,2023-01-22T14:05:43Z,955,
s4,2023-01-22T14:05:44Z,955,
s4,2023-01-22T14:05:45Z,955,
s4,2023-01-22T14:05:46Z,955,
s4,2023-01-22T14:05:47Z,954,
s4,2023-01-22T14:05:48Z,954,
s4,2023-01-22T14:05:49Z,954,
s4,2023-01-22T14:05:50Z,954,
s4,2023-01-22T14:05:51Z,954,
s4,2023-01-22T14:05:52Z,954,
s4,2023-01-22T14:05:53Z,954,
s4,2023-01-22T14:05:54Z,954,
s4,2023-01-22T14:05:55Z,954,
s4,2023-01-22T14:05:56Z,954,
s4,2023-01-22T14:05:57Z,954,
s4,2023-01-22T14:05:58Z,954,
s4,2023-01-22T14:05:59Z,954,
s4,2023-01-22T14:06:00Z,954,
s4,2023-01-22T14:06:01Z,953,
s4,2023-01-22T14:06:02Z,953,
s4,2023-01-22T14:06:03Z,953,
s4,2023-01-22T14:06:04Z,953,
s4,2023-01-22T14:06:05Z,953,
s4,2023-01-22T14:06:06Z,953,
s4,2023-01-22T14:06:07Z,953,
s4,2023-01-22T14:06:08Z,953,
s4,2023-01-22T14:06:09Z,953,
s4,2023-01-22T14:06:10Z,952,
s4,2023-01-22T14:06:11Z,952,
s4,2023-01-22T14:06:12Z,952,
s4,2023-01-22T14:06:13Z,952,
s4,2023-01-22T14:06:14Z,952,
s4,2023-01-22T14:06:15Z,952,
s4,2023-01-22T14:06:16Z,952,
s4,2023-01-22T14:06:17Z,952,
s4,2023-01-22T14:06:18Z,952,
s4,2023-01-22T14:06:19Z,952,
s4,2023-01-22T14:06:20Z,952,
s4,2023-01-22T14:06:21Z,952,
s4,2023-01-22T14:06:22Z,952,
s4,2023-01-22T14:06:23Z,952,
s4,2023-01-22T14:06:24Z,952,
s4,2023-01-22T14:06:25Z,952,
s4,2023-01-22T14:06:26Z,952,
s4,2023-01-22T14:06:27Z,952,
s4,2023-01-22T14:06:28Z,952,
s4,2023-01-22T14:06:29Z,952,
s4,2023-01-22T14:06:30Z,952,
s4,2023-01-22T14:06:31Z,952,
s4,2023-01-22T14:06:32Z,952,
s4,2023-01-22T14:06:33Z,952,
s4,2023-01-22T14:06:34Z,952,
s4,2023-01-22T14:06:35Z,952,
s4,2023-01-22T14:06:36Z,953,
s4,2023-01-22T14:06:37Z,953,
s4,2023-01-22T14:06:38Z,951,
s4,2023-01-22T14:06:39Z,949,
s4,2023-01-22T14:06:40Z,947,
s4,2023-01-22T14:06:41Z,945,
s4,2023-01-22T14:06:42Z,943,
s4,2023-01-22T14:06:43Z,942,
s4,2023-01-22T14:06:44Z,941,
s4,2023-01-22T14:06:45Z,940,
